{"level":"info","message":"[CategoriesFetched] RID: 23f5390b-a05e-4296-bec9-fba9d63b4963 - Count: 2","service":"course-service","timestamp":"2026-03-28T06:58:57.700Z"}
{"errorCode":"INTERNAL_ERROR","ip":"::1","level":"error","message":"Route /favicon.ico not found","method":"GET","path":"/favicon.ico","requestId":"N/A","service":"course-service","stack":"Error: Route /favicon.ico not found\n    at file:///C:/all-desktop-project/xynapse-mono-repo/apps/course-service/src/index.js:96:19\n    at Layer.handle [as handle_request] (C:\\all-desktop-project\\xynapse-mono-repo\\node_modules\\express\\lib\\router\\layer.js:95:5)\n    at next (C:\\all-desktop-project\\xynapse-mono-repo\\node_modules\\express\\lib\\router\\route.js:149:13)\n    at next (C:\\all-desktop-project\\xynapse-mono-repo\\node_modules\\express\\lib\\router\\route.js:145:7)\n    at next (C:\\all-desktop-project\\xynapse-mono-repo\\node_modules\\express\\lib\\router\\route.js:145:7)\n    at next (C:\\all-desktop-project\\xynapse-mono-repo\\node_modules\\express\\lib\\router\\route.js:145:7)\n    at next (C:\\all-desktop-project\\xynapse-mono-repo\\node_modules\\express\\lib\\router\\route.js:145:7)\n    at next (C:\\all-desktop-project\\xynapse-mono-repo\\node_modules\\express\\lib\\router\\route.js:145:7)\n    at next (C:\\all-desktop-project\\xynapse-mono-repo\\node_modules\\express\\lib\\router\\route.js:145:7)\n    at Route.dispatch (C:\\all-desktop-project\\xynapse-mono-repo\\node_modules\\express\\lib\\router\\route.js:119:3)","statusCode":404,"timestamp":"2026-03-28T06:58:57.795Z"}
{"level":"info","message":"[AllCoursesFetched] RID: f3934f47-dde7-4eef-9d61-fd3510faec5d - Count: 1","service":"course-service","timestamp":"2026-03-28T07:05:22.112Z"}
{"level":"info","message":"[CategoriesFetched] RID: eb624f39-a14c-4828-939a-1bf36d606d60 - Count: 2","service":"course-service","timestamp":"2026-03-28T07:14:25.864Z"}
{"level":"info","message":"[CategoriesFetched] RID: 27a6c58d-9540-413b-9394-f2bc3b595323 - Count: 2","service":"course-service","timestamp":"2026-03-28T07:14:49.285Z"}
{"errorCode":"INTERNAL_ERROR","ip":"::1","level":"error","message":"Access denied","method":"DELETE","path":"/api/v1/category/hard-delete/699ff98910a971a63bfd07c1","requestId":"d907027f-8f77-4a6d-9d76-83ecc21f1f34","service":"course-service","stack":"Error: Access denied\n    at file:///C:/all-desktop-project/xynapse-mono-repo/packages/common/src/middleware/auth.js:47:9\n    at Layer.handle [as handle_request] (C:\\all-desktop-project\\xynapse-mono-repo\\node_modules\\express\\lib\\router\\layer.js:95:5)\n    at next (C:\\all-desktop-project\\xynapse-mono-repo\\node_modules\\express\\lib\\router\\route.js:149:13)\n    at file:///C:/all-desktop-project/xynapse-mono-repo/packages/common/src/middleware/auth.js:28:5\n    at file:///C:/all-desktop-project/xynapse-mono-repo/packages/common/src/middleware/CatchAsyncError.js:3:21\n    at Layer.handle [as handle_request] (C:\\all-desktop-project\\xynapse-mono-repo\\node_modules\\express\\lib\\router\\layer.js:95:5)\n    at next (C:\\all-desktop-project\\xynapse-mono-repo\\node_modules\\express\\lib\\router\\route.js:149:13)\n    at attachRequestId (file:///C:/all-desktop-project/xynapse-mono-repo/packages/common/src/middleware/requestId.js:11:3)\n    at Layer.handle [as handle_request] (C:\\all-desktop-project\\xynapse-mono-repo\\node_modules\\express\\lib\\router\\layer.js:95:5)\n    at next (C:\\all-desktop-project\\xynapse-mono-repo\\node_modules\\express\\lib\\router\\route.js:149:13)","statusCode":403,"timestamp":"2026-03-28T07:15:48.803Z"}
{"level":"warn","message":"[CategoryHardDeleted] RID: aab8d6ea-1fce-4de3-be34-e772d868b92b - ID: 699ff98910a971a63bfd07c1 - Name: Full Stack Development","service":"course-service","timestamp":"2026-03-28T07:19:21.991Z"}
{"level":"warn","message":"[CategoryHardDeleted] RID: c5de784b-71ad-4666-ac3f-69f255eb5c7c - ID: 69a008eaabfc15f9c94db073 - Name: Devops Development","service":"course-service","timestamp":"2026-03-28T07:20:01.321Z"}
{"level":"info","message":"[CategoryCreated] RID: 1025eee7-2a1c-464d-8c5f-8bd25ae8fd90 - ID: 69c783faac0488fe6c376bc0","service":"course-service","timestamp":"2026-03-28T07:32:11.230Z"}
{"level":"info","message":"[CategoryCreated] RID: e3bda17c-bbcb-411f-8166-33fdd3537bf6 - ID: 69c7846aac0488fe6c376bc3","service":"course-service","timestamp":"2026-03-28T07:34:02.307Z"}
{"level":"info","message":"[CategoryCreated] RID: 7c50d4c8-2928-4ecb-bb1e-b17320f650df - ID: 69c7849fac0488fe6c376bc6","service":"course-service","timestamp":"2026-03-28T07:34:55.529Z"}
{"level":"info","message":"[CategoryCreated] RID: 0b017133-c1fb-4bb9-997d-59d19f17a673 - ID: 69c784d3ac0488fe6c376bc9","service":"course-service","timestamp":"2026-03-28T07:35:47.907Z"}
{"level":"info","message":"[CategoryCreated] RID: a48ff9ce-9298-4a40-82bd-99cb96eca41d - ID: 69c784fdac0488fe6c376bcc","service":"course-service","timestamp":"2026-03-28T07:36:29.893Z"}
{"level":"info","message":"[CategoriesFetched] RID: 4d30aa3d-6114-4f24-ab12-6f5d6e06fb41 - Count: 5","service":"course-service","timestamp":"2026-03-28T07:37:39.219Z"}
{"level":"info","message":"[CourseCreated] RID: 5c739c44-6df0-4bd2-8f22-36211e2083d5 - ID: 69c788eaac0488fe6c376bd2 - Title: ReactJS Masterclass","service":"course-service","timestamp":"2026-03-28T07:53:14.367Z"}
{"level":"info","message":"[FileCleanupSuccess] RID: 5c739c44-6df0-4bd2-8f22-36211e2083d5 - Path: uploads\\reactjs-1774684388799.png","service":"course-service","timestamp":"2026-03-28T07:53:14.446Z"}
{"level":"info","message":"[CourseCreated] RID: 0e6da796-6609-47a3-93c4-62e7d08803b4 - ID: 69c7899aac0488fe6c376bd7 - Title: NodeJS Masterclass","service":"course-service","timestamp":"2026-03-28T07:56:10.846Z"}
{"level":"info","message":"[FileCleanupSuccess] RID: 0e6da796-6609-47a3-93c4-62e7d08803b4 - Path: uploads\\nodejs-1774684565197.png","service":"course-service","timestamp":"2026-03-28T07:56:10.928Z"}
{"level":"info","message":"[CourseCreated] RID: 297e7af5-b5ce-405e-8006-86d5c27c37a0 - ID: 69c78a3fac0488fe6c376bdc - Title: NextJS Masterclass","service":"course-service","timestamp":"2026-03-28T07:58:55.433Z"}
{"level":"info","message":"[FileCleanupSuccess] RID: 297e7af5-b5ce-405e-8006-86d5c27c37a0 - Path: uploads\\nodejs-1774684729249.png","service":"course-service","timestamp":"2026-03-28T07:58:55.640Z"}
{"level":"info","message":"[CourseCreated] RID: d687f42a-05de-4d18-8389-fdcb99ad977c - ID: 69c78ab1ac0488fe6c376be1 - Title: MongoDB Masterclass","service":"course-service","timestamp":"2026-03-28T08:00:49.852Z"}
{"level":"info","message":"[FileCleanupSuccess] RID: d687f42a-05de-4d18-8389-fdcb99ad977c - Path: uploads\\mongodb-images-1774684842862.jpg","service":"course-service","timestamp":"2026-03-28T08:00:49.932Z"}
{"level":"info","message":"[CourseCreated] RID: f938833a-bd98-4faf-8921-99a724ef0b89 - ID: 69c78df8ac0488fe6c376be5 - Title: Machine Learning Masterclass","service":"course-service","timestamp":"2026-03-28T08:14:48.573Z"}
{"level":"info","message":"[FileCleanupSuccess] RID: f938833a-bd98-4faf-8921-99a724ef0b89 - Path: uploads\\ml-1774685683656.jpg","service":"course-service","timestamp":"2026-03-28T08:14:48.678Z"}
{"level":"info","message":"[CourseCreated] RID: e61653d0-9385-4a46-912d-f859c024f62b - ID: 69c78e53ac0488fe6c376be9 - Title: Deep Learning Masterclass","service":"course-service","timestamp":"2026-03-28T08:16:19.604Z"}
{"level":"info","message":"[FileCleanupSuccess] RID: e61653d0-9385-4a46-912d-f859c024f62b - Path: uploads\\deep-learning-1774685773657.png","service":"course-service","timestamp":"2026-03-28T08:16:19.679Z"}
{"level":"info","message":"[CourseCreated] RID: 9e1cb0a4-5511-4dde-acd0-e05927424892 - ID: 69c78eaeac0488fe6c376bed - Title: Artificial Intelligence Masterclass","service":"course-service","timestamp":"2026-03-28T08:17:50.523Z"}
{"level":"info","message":"[FileCleanupSuccess] RID: 9e1cb0a4-5511-4dde-acd0-e05927424892 - Path: uploads\\AI-1774685863631.jpg","service":"course-service","timestamp":"2026-03-28T08:17:50.598Z"}
{"level":"info","message":"[CourseCreated] RID: 299c8319-db3c-4350-a4ab-6837378eee01 - ID: 69c79000ac0488fe6c376bf1 - Title: Java Programming","service":"course-service","timestamp":"2026-03-28T08:23:28.972Z"}
{"level":"info","message":"[FileCleanupSuccess] RID: 299c8319-db3c-4350-a4ab-6837378eee01 - Path: uploads\\java-1774686203787.png","service":"course-service","timestamp":"2026-03-28T08:23:29.076Z"}
{"level":"info","message":"[CourseCreated] RID: 2ee960fb-c92e-481d-8e43-b15c963eaf9c - ID: 69c79082ac0488fe6c376bf5 - Title: C++ Programming","service":"course-service","timestamp":"2026-03-28T08:25:38.403Z"}
{"level":"info","message":"[FileCleanupSuccess] RID: 2ee960fb-c92e-481d-8e43-b15c963eaf9c - Path: uploads\\c++-1774686332469.png","service":"course-service","timestamp":"2026-03-28T08:25:38.478Z"}
{"level":"info","message":"[CourseCreated] RID: 5e5ce991-6af0-4e5c-b5d5-3ba68a730d71 - ID: 69c790d6ac0488fe6c376bf9 - Title: GoLang  Programming","service":"course-service","timestamp":"2026-03-28T08:27:02.200Z"}
{"level":"info","message":"[FileCleanupSuccess] RID: 5e5ce991-6af0-4e5c-b5d5-3ba68a730d71 - Path: uploads\\go-1774686416480.jpg","service":"course-service","timestamp":"2026-03-28T08:27:02.286Z"}
{"level":"info","message":"[CourseCreated] RID: 41bf3327-5f0f-4667-9d33-3960f99b4eb8 - ID: 69c79165ac0488fe6c376bfd - Title: Rust Programming","service":"course-service","timestamp":"2026-03-28T08:29:25.530Z"}
{"level":"info","message":"[FileCleanupSuccess] RID: 41bf3327-5f0f-4667-9d33-3960f99b4eb8 - Path: uploads\\rust-1774686561018.png","service":"course-service","timestamp":"2026-03-28T08:29:25.634Z"}
{"level":"info","message":"[CourseCreated] RID: 1b89f896-e010-4556-906b-651098ca2a85 - ID: 69c792caac0488fe6c376c01 - Title: Docker Masterclass","service":"course-service","timestamp":"2026-03-28T08:35:22.292Z"}
{"level":"info","message":"[FileCleanupSuccess] RID: 1b89f896-e010-4556-906b-651098ca2a85 - Path: uploads\\docker-img-1774686917704.png","service":"course-service","timestamp":"2026-03-28T08:35:22.396Z"}
{"level":"info","message":"[CourseCreated] RID: 00e0f6e8-e75f-421f-ad20-03d7e2931583 - ID: 69c79314ac0488fe6c376c05 - Title: AWS Cloud","service":"course-service","timestamp":"2026-03-28T08:36:36.553Z"}
{"level":"info","message":"[FileCleanupSuccess] RID: 00e0f6e8-e75f-421f-ad20-03d7e2931583 - Path: uploads\\aws-1774686990752.jpg","service":"course-service","timestamp":"2026-03-28T08:36:36.630Z"}
{"level":"info","message":"[CourseCreated] RID: 4ef2369e-bd23-42a3-b96b-f207209b3ce5 - ID: 69c79369ac0488fe6c376c09 - Title: Kubernetes Masterclass","service":"course-service","timestamp":"2026-03-28T08:38:02.036Z"}
{"level":"info","message":"[FileCleanupSuccess] RID: 4ef2369e-bd23-42a3-b96b-f207209b3ce5 - Path: uploads\\k8s-1774687077705.png","service":"course-service","timestamp":"2026-03-28T08:38:02.141Z"}
{"level":"info","message":"[CourseCreated] RID: 1c0bfe96-1081-4aa7-bd6a-21be3eb6ad76 - ID: 69c793c6ac0488fe6c376c0d - Title: Terraform Masterclass","service":"course-service","timestamp":"2026-03-28T08:39:34.402Z"}
{"level":"info","message":"[FileCleanupSuccess] RID: 1c0bfe96-1081-4aa7-bd6a-21be3eb6ad76 - Path: uploads\\terraform-1774687169928.png","service":"course-service","timestamp":"2026-03-28T08:39:34.506Z"}
{"level":"info","message":"[CategoriesFetched] RID: 32785740-f8ad-412e-9e41-a3129a0c8c55 - Count: 5","service":"course-service","timestamp":"2026-03-28T09:02:43.269Z"}
{"level":"info","message":"[CategoriesFetched] RID: d773ddcb-1578-4a8f-af02-6194f3e8f6b3 - Count: 5","service":"course-service","timestamp":"2026-03-28T09:02:43.435Z"}
{"level":"info","message":"[CategoriesFetched] RID: 5b291003-eb29-4cd3-ab47-6fac1f40d6a6 - Count: 5","service":"course-service","timestamp":"2026-03-28T09:08:01.038Z"}
{"level":"info","message":"[CategoriesFetched] RID: 72aaf2e2-7fc8-493a-95c5-d9d18c96add2 - Count: 5","service":"course-service","timestamp":"2026-03-28T09:08:01.277Z"}
{"level":"info","message":"[CategoriesFetched] RID: b723ae71-98e7-4ce3-b9d2-3b95e2eddaca - Count: 5","service":"course-service","timestamp":"2026-03-28T09:09:53.762Z"}
{"level":"info","message":"[CategoriesFetched] RID: e79ba849-8c99-41b1-899a-d60e1394fedb - Count: 5","service":"course-service","timestamp":"2026-03-28T09:09:54.034Z"}
{"level":"info","message":"[CategoriesFetched] RID: e6cdba78-ce80-4d51-8fde-250c061b403d - Count: 5","service":"course-service","timestamp":"2026-03-28T10:59:24.743Z"}
{"level":"info","message":"[CategoriesFetched] RID: ad36e3e7-5e9d-41c0-9aaf-9024307c1138 - Count: 5","service":"course-service","timestamp":"2026-03-28T10:59:24.857Z"}
{"level":"info","message":"[CategoriesFetched] RID: ac0edb1c-8e4f-47a3-88af-20d7f629de0d - Count: 5","service":"course-service","timestamp":"2026-03-28T11:10:10.427Z"}
{"level":"info","message":"[CategoriesFetched] RID: 6a9f9495-5ba8-4c25-ab34-5c0e3d6e4bf8 - Count: 5","service":"course-service","timestamp":"2026-03-28T11:10:11.149Z"}
{"level":"info","message":"[CategoriesFetched] RID: 83997fbd-c9bb-4808-a492-86bf8d511293 - Count: 5","service":"course-service","timestamp":"2026-03-28T11:10:34.858Z"}
{"level":"info","message":"[CategoriesFetched] RID: 16254324-50a6-4d61-bbb3-2087527cc0bd - Count: 5","service":"course-service","timestamp":"2026-03-28T11:10:35.002Z"}
{"level":"info","message":"[CategoriesFetched] RID: b6ffa52d-6675-472e-a38b-9b11982786c5 - Count: 5","service":"course-service","timestamp":"2026-03-28T11:12:37.940Z"}
{"level":"info","message":"[CategoriesFetched] RID: 6460200e-75b8-4a8c-a93f-5b7a1bb3cfd9 - Count: 5","service":"course-service","timestamp":"2026-03-28T11:12:38.085Z"}
{"level":"info","message":"[CategoriesFetched] RID: 85721000-0972-4a73-9d0b-f050b98e67bd - Count: 5","service":"course-service","timestamp":"2026-03-28T11:14:28.574Z"}
{"level":"info","message":"[CategoriesFetched] RID: f5deffd1-1a01-4cd0-b49d-e92e6e334a41 - Count: 5","service":"course-service","timestamp":"2026-03-28T11:14:28.786Z"}
{"level":"info","message":"[CategoriesFetched] RID: 43daf09a-3dab-4adb-84c1-80bd7c414666 - Count: 5","service":"course-service","timestamp":"2026-03-28T11:14:49.668Z"}
{"level":"info","message":"[CategoriesFetched] RID: ea41fc04-bbed-43ed-ad8a-3cabca466490 - Count: 5","service":"course-service","timestamp":"2026-03-28T11:14:49.874Z"}
{"level":"info","message":"[CategoriesFetched] RID: dbfa6321-702e-4478-8774-9947191955f3 - Count: 5","service":"course-service","timestamp":"2026-03-28T11:16:06.430Z"}
{"level":"info","message":"[CategoriesFetched] RID: 6bd51db3-ba37-4fb2-bef5-bf68c5e40653 - Count: 5","service":"course-service","timestamp":"2026-03-28T11:16:06.574Z"}
{"level":"info","message":"[CategoriesFetched] RID: 122a6ca3-29a5-4358-886a-ee1874c05d25 - Count: 5","service":"course-service","timestamp":"2026-03-28T11:16:41.861Z"}
{"level":"info","message":"[CategoriesFetched] RID: b322be3b-576f-4bc9-8861-0ecf49933bf8 - Count: 5","service":"course-service","timestamp":"2026-03-28T11:16:42.004Z"}
{"level":"info","message":"[CategoriesFetched] RID: 94103689-9282-4431-bdf7-a410fa4bbbe7 - Count: 5","service":"course-service","timestamp":"2026-03-28T11:16:43.538Z"}
{"level":"info","message":"[CategoriesFetched] RID: aa0dfdba-57b1-4a6c-9541-815edbf2ebb9 - Count: 5","service":"course-service","timestamp":"2026-03-28T11:16:43.745Z"}
{"level":"info","message":"[CategoriesFetched] RID: 0dce64e4-97d9-438a-a170-cd917e1480cf - Count: 5","service":"course-service","timestamp":"2026-03-28T11:16:44.666Z"}
{"level":"info","message":"[CategoriesFetched] RID: 5ec9d80b-0b8e-46e2-b614-ac1a377afb42 - Count: 5","service":"course-service","timestamp":"2026-03-28T11:16:44.870Z"}
{"level":"info","message":"[CategoriesFetched] RID: 22e608c9-8520-4cf3-b7a5-5396a9c277fc - Count: 5","service":"course-service","timestamp":"2026-03-28T11:20:19.955Z"}
{"level":"info","message":"[CategoriesFetched] RID: 52eece76-cf79-4e1f-acbf-f7bdf48a118c - Count: 5","service":"course-service","timestamp":"2026-03-28T11:20:20.051Z"}
{"level":"info","message":"[CategoriesFetched] RID: c1d54f91-0bdb-4864-a692-c42cc5435a36 - Count: 5","service":"course-service","timestamp":"2026-03-28T11:20:37.831Z"}
{"level":"info","message":"[CategoriesFetched] RID: e8cf2632-332c-44e7-b2e5-3f1c99aa757c - Count: 5","service":"course-service","timestamp":"2026-03-28T11:20:38.037Z"}
{"level":"info","message":"[CategoriesFetched] RID: 7f5f6b7e-9d45-4e75-99e4-7f46e05129ce - Count: 5","service":"course-service","timestamp":"2026-03-28T11:22:32.019Z"}
{"level":"info","message":"[CategoriesFetched] RID: 5885e70d-0995-418f-89d3-86a8898468e4 - Count: 5","service":"course-service","timestamp":"2026-03-28T11:22:32.277Z"}
{"level":"info","message":"[CategoriesFetched] RID: 45a4d040-0c16-4a34-8c82-469fc48ceb44 - Count: 5","service":"course-service","timestamp":"2026-03-28T11:26:52.920Z"}
{"level":"info","message":"[CategoriesFetched] RID: aeab5470-71b2-46c2-9932-fecdd5ad1dda - Count: 5","service":"course-service","timestamp":"2026-03-28T11:26:53.025Z"}
{"level":"info","message":"[AllCoursesFetched] RID: 2d2d8bef-4051-4e14-b3f9-6c2955ab3b16 - Count: 10","service":"course-service","timestamp":"2026-03-28T11:35:46.947Z"}
{"level":"info","message":"[AllCoursesFetched] RID: 7f36f3df-e92d-4e38-943e-91ab458ad993 - Count: 8","service":"course-service","timestamp":"2026-03-28T11:42:24.662Z"}
{"level":"info","message":"[AllCoursesFetched] RID: 26a176b5-9b6b-46e0-bf95-f5a23036169e - Count: 8","service":"course-service","timestamp":"2026-03-28T11:42:24.970Z"}
{"level":"info","message":"[CategoriesFetched] RID: 80804b4b-b04f-4406-9ee5-d1a74b4db0d5 - Count: 5","service":"course-service","timestamp":"2026-03-28T11:46:14.354Z"}
{"level":"info","message":"[CategoriesFetched] RID: 915729ab-708e-436d-8be1-4218c6007be0 - Count: 5","service":"course-service","timestamp":"2026-03-28T11:46:14.468Z"}
{"level":"info","message":"[AllCoursesFetched] RID: 60efea3c-732a-474a-a8d8-df27a3916468 - Count: 8","service":"course-service","timestamp":"2026-03-28T11:46:15.593Z"}
{"level":"info","message":"[AllCoursesFetched] RID: 8d884b3c-cdec-4a97-a913-f94270da6042 - Count: 8","service":"course-service","timestamp":"2026-03-28T11:46:15.844Z"}
{"level":"info","message":"[CategoriesFetched] RID: bc9b0c82-7153-48b1-b962-283bb3113ab8 - Count: 5","service":"course-service","timestamp":"2026-03-28T11:49:35.675Z"}
{"level":"info","message":"[AllCoursesFetched] RID: 329e1074-3e40-4f5a-a527-787c9cea6f19 - Count: 8","service":"course-service","timestamp":"2026-03-28T11:49:35.775Z"}
{"level":"info","message":"[CategoriesFetched] RID: b607d1c3-ae61-4fc4-ba5b-ff8b436239c8 - Count: 5","service":"course-service","timestamp":"2026-03-28T11:49:35.783Z"}
{"level":"info","message":"[CategoriesFetched] RID: 56ef72e0-1ba6-4115-92aa-e94c44a1ef62 - Count: 5","service":"course-service","timestamp":"2026-03-28T11:49:35.983Z"}
{"level":"info","message":"[AllCoursesFetched] RID: 6bb9dbf9-2fe2-49d2-9fd7-0ce239a1adbb - Count: 8","service":"course-service","timestamp":"2026-03-28T11:49:36.082Z"}
{"level":"info","message":"[CategoriesFetched] RID: a0d0a0cf-bd26-4018-a946-34849c955a02 - Count: 5","service":"course-service","timestamp":"2026-03-28T11:49:36.102Z"}
{"level":"info","message":"[CategoriesFetched] RID: 59117aa2-99cc-41f4-8625-b9e86f5764d9 - Count: 5","service":"course-service","timestamp":"2026-03-28T11:52:45.053Z"}
{"level":"info","message":"[CategoriesFetched] RID: 19f5e1f6-5be3-46da-a32d-e86b743b25b4 - Count: 5","service":"course-service","timestamp":"2026-03-28T11:52:45.320Z"}
{"level":"info","message":"[AllCoursesFetched] RID: 80cfbac0-1134-4dd0-be05-486f2459ee48 - Count: 8","service":"course-service","timestamp":"2026-03-28T11:52:45.324Z"}
{"level":"info","message":"[CategoriesFetched] RID: 3c7da88a-ce65-4a37-8cb1-1f7699db95ef - Count: 5","service":"course-service","timestamp":"2026-03-28T11:52:45.522Z"}
{"level":"info","message":"[AllCoursesFetched] RID: 7108f20a-04af-4714-aff2-eae85397ce13 - Count: 8","service":"course-service","timestamp":"2026-03-28T11:52:45.626Z"}
{"level":"info","message":"[CategoriesFetched] RID: 3978f8b5-3ed7-48fa-aebb-79029273180a - Count: 5","service":"course-service","timestamp":"2026-03-28T11:52:45.631Z"}
{"level":"info","message":"[CategoriesFetched] RID: 3aa356f4-283c-4dc2-bc67-fcba0c67ecc9 - Count: 5","service":"course-service","timestamp":"2026-03-28T11:54:11.499Z"}
{"level":"info","message":"[CategoriesFetched] RID: 54d9ac87-2370-4f83-8a03-ba04a598dfa4 - Count: 5","service":"course-service","timestamp":"2026-03-28T11:54:11.642Z"}
{"level":"info","message":"[AllCoursesFetched] RID: 56fa20c7-3fe9-4390-8f58-cb35604db728 - Count: 8","service":"course-service","timestamp":"2026-03-28T11:54:11.643Z"}
{"level":"info","message":"[CategoriesFetched] RID: 203f1ac0-25dd-4f46-ab00-0685c4325521 - Count: 5","service":"course-service","timestamp":"2026-03-28T11:54:11.848Z"}
{"level":"info","message":"[AllCoursesFetched] RID: 5d0ba2a8-7207-41a0-82fa-0dbcb3ef96bd - Count: 8","service":"course-service","timestamp":"2026-03-28T11:54:12.051Z"}
{"level":"info","message":"[CategoriesFetched] RID: d5f480dd-634d-4b72-8231-79e7d150712b - Count: 5","service":"course-service","timestamp":"2026-03-28T11:54:12.053Z"}
{"level":"info","message":"[CategoriesFetched] RID: 10ab4c56-4552-4da2-9ed8-20c8bc25c3f6 - Count: 5","service":"course-service","timestamp":"2026-03-28T12:11:43.909Z"}
{"level":"info","message":"[AllCoursesFetched] RID: cf55449e-6050-4728-b8d0-7a24cdfbe060 - Count: 8","service":"course-service","timestamp":"2026-03-28T12:11:44.011Z"}
{"level":"info","message":"[CategoriesFetched] RID: 5bfc50b2-4885-47d8-a3e1-d8606e477aab - Count: 5","service":"course-service","timestamp":"2026-03-28T12:11:44.035Z"}
{"level":"info","message":"[CategoriesFetched] RID: 93a91f75-2c65-4b4b-af9f-73289203c6e9 - Count: 5","service":"course-service","timestamp":"2026-03-28T12:11:44.221Z"}
{"level":"info","message":"[AllCoursesFetched] RID: 7dce767a-d6eb-4bc9-9877-ab33128ffe56 - Count: 8","service":"course-service","timestamp":"2026-03-28T12:11:44.317Z"}
{"level":"info","message":"[CategoriesFetched] RID: 9aa6195b-1792-4bd9-8789-b5e72cb0e8d3 - Count: 5","service":"course-service","timestamp":"2026-03-28T12:11:44.326Z"}
{"level":"info","message":"[CategoriesFetched] RID: cfeb4e7c-2313-4406-9d8b-faa457340204 - Count: 5","service":"course-service","timestamp":"2026-03-28T12:18:12.402Z"}
{"level":"info","message":"[AllCoursesFetched] RID: e783e17e-86dc-48bf-927e-cf147dbf7236 - Count: 8","service":"course-service","timestamp":"2026-03-28T12:18:12.645Z"}
{"level":"info","message":"[CategoriesFetched] RID: 698b9fda-29da-4564-8425-afa3eecfa93a - Count: 5","service":"course-service","timestamp":"2026-03-28T12:18:12.682Z"}
{"level":"info","message":"[CategoriesFetched] RID: 4cef5faa-d1e3-4a84-ac7f-3a5b24286c87 - Count: 5","service":"course-service","timestamp":"2026-03-28T12:18:12.871Z"}
{"level":"info","message":"[AllCoursesFetched] RID: 77aefe06-bbea-4a2f-9ec6-2ba63747db39 - Count: 8","service":"course-service","timestamp":"2026-03-28T12:18:13.041Z"}
{"level":"info","message":"[CategoriesFetched] RID: 9392a677-d076-4735-92e0-f2bb42feea38 - Count: 5","service":"course-service","timestamp":"2026-03-28T12:18:13.132Z"}
{"level":"info","message":"[CategoriesFetched] RID: 2ed49297-ae77-4742-a4b7-621638d518fe - Count: 5","service":"course-service","timestamp":"2026-03-28T12:18:23.589Z"}
{"level":"info","message":"[AllCoursesFetched] RID: 17fc7ffe-1e95-4a04-8dee-626ad965dc20 - Count: 4","service":"course-service","timestamp":"2026-03-28T12:18:26.063Z"}
{"level":"info","message":"[CategoriesFetched] RID: f7221bd6-7611-4f28-9009-75db9817386e - Count: 5","service":"course-service","timestamp":"2026-03-28T12:18:26.428Z"}
{"level":"info","message":"[AllCoursesFetched] RID: c0143c37-3765-4f9e-a83f-d7a60a0a25d7 - Count: 4","service":"course-service","timestamp":"2026-03-28T12:18:28.026Z"}
{"level":"info","message":"[AllCoursesFetched] RID: 77dcaed8-ff8c-4116-9d92-eb41a7dc0df8 - Count: 3","service":"course-service","timestamp":"2026-03-28T12:18:39.770Z"}
{"level":"info","message":"[AllCoursesFetched] RID: eb1468bd-a6c3-4c48-931e-482e21bd0ce5 - Count: 4","service":"course-service","timestamp":"2026-03-28T12:18:46.005Z"}
{"level":"info","message":"[AllCoursesFetched] RID: 22013be3-fde1-40c9-9879-ff6946ea8243 - Count: 2","service":"course-service","timestamp":"2026-03-28T12:18:51.003Z"}
{"level":"info","message":"[AllCoursesFetched] RID: 39d4b5f3-7a07-43a0-9719-9b445bf2015c - Count: 2","service":"course-service","timestamp":"2026-03-28T12:18:53.991Z"}
{"level":"info","message":"[CategoriesFetched] RID: 941fa0ba-467b-460a-b9ab-ea7e98a12d34 - Count: 5","service":"course-service","timestamp":"2026-03-28T12:19:12.023Z"}
{"level":"info","message":"[CategoriesFetched] RID: e8af5105-2612-4f02-9a62-816e82597264 - Count: 5","service":"course-service","timestamp":"2026-03-28T12:19:12.186Z"}
{"level":"info","message":"[AllCoursesFetched] RID: 8f2c9c92-8d5d-4dce-9730-ed530259c021 - Count: 2","service":"course-service","timestamp":"2026-03-28T12:19:12.194Z"}
{"level":"info","message":"[CategoriesFetched] RID: dd0dcfaf-a486-4620-af85-3b53c9e6d8d5 - Count: 5","service":"course-service","timestamp":"2026-03-28T12:19:12.318Z"}
{"level":"info","message":"[CategoriesFetched] RID: b9e2a1a7-6cba-4dd2-890d-2e2c0425bff8 - Count: 5","service":"course-service","timestamp":"2026-03-28T12:19:12.438Z"}
{"level":"info","message":"[AllCoursesFetched] RID: 49ae9447-e513-41e3-a8fe-c2ff397c6e06 - Count: 2","service":"course-service","timestamp":"2026-03-28T12:19:12.442Z"}
{"level":"info","message":"[AllCoursesFetched] RID: 6582bb08-2f3d-40b8-936a-77ca61036705 - Count: 2","service":"course-service","timestamp":"2026-03-28T12:19:59.330Z"}
{"level":"info","message":"[AllCoursesFetched] RID: ce00afac-f382-4b70-aaa2-000e6225be02 - Count: 4","service":"course-service","timestamp":"2026-03-28T12:20:05.057Z"}
{"level":"info","message":"[AllCoursesFetched] RID: 77133a78-4ebb-4854-85cd-26faac002dce - Count: 10","service":"course-service","timestamp":"2026-03-28T12:35:38.237Z"}
{"level":"info","message":"[837fc848-15c3-46a0-825f-2175725e5450] Controller: Creating Course Intro for Course: 69c793c6ac0488fe6c376c0d","service":"course-service","timestamp":"2026-03-28T12:46:44.417Z"}
{"level":"error","message":"[837fc848-15c3-46a0-825f-2175725e5450] Service: Intro Creation Error: CourseIntro validation failed: blocks.0.order: Path `order` is required., blocks.0.data: Path `data` is required., blocks.0.type: `banner` is not a valid enum value for path `type`., blocks.1.order: Path `order` is required., blocks.1.data: Path `data` is required., blocks.1.type: `text_block` is not a valid enum value for path `type`., blocks.2.order: Path `order` is required., blocks.2.data: Path `data` is required., blocks.2.type: `list_points` is not a valid enum value for path `type`., blocks.3.order: Path `order` is required., blocks.3.data: Path `data` is required., blocks.3.type: `info_grid` is not a valid enum value for path `type`., blocks.4.order: Path `order` is required., blocks.4.data: Path `data` is required., blocks.4.type: `callout` is not a valid enum value for path `type`.","service":"course-service","timestamp":"2026-03-28T12:46:44.758Z"}
{"errorCode":"INTERNAL_ERROR","ip":"::1","level":"error","message":"CourseIntro validation failed: blocks.0.order: Path `order` is required., blocks.0.data: Path `data` is required., blocks.0.type: `banner` is not a valid enum value for path `type`., blocks.1.order: Path `order` is required., blocks.1.data: Path `data` is required., blocks.1.type: `text_block` is not a valid enum value for path `type`., blocks.2.order: Path `order` is required., blocks.2.data: Path `data` is required., blocks.2.type: `list_points` is not a valid enum value for path `type`., blocks.3.order: Path `order` is required., blocks.3.data: Path `data` is required., blocks.3.type: `info_grid` is not a valid enum value for path `type`., blocks.4.order: Path `order` is required., blocks.4.data: Path `data` is required., blocks.4.type: `callout` is not a valid enum value for path `type`.","method":"POST","path":"/api/v1/courseIntro/create","requestId":"837fc848-15c3-46a0-825f-2175725e5450","service":"course-service","stack":"Error: CourseIntro validation failed: blocks.0.order: Path `order` is required., blocks.0.data: Path `data` is required., blocks.0.type: `banner` is not a valid enum value for path `type`., blocks.1.order: Path `order` is required., blocks.1.data: Path `data` is required., blocks.1.type: `text_block` is not a valid enum value for path `type`., blocks.2.order: Path `order` is required., blocks.2.data: Path `data` is required., blocks.2.type: `list_points` is not a valid enum value for path `type`., blocks.3.order: Path `order` is required., blocks.3.data: Path `data` is required., blocks.3.type: `info_grid` is not a valid enum value for path `type`., blocks.4.order: Path `order` is required., blocks.4.data: Path `data` is required., blocks.4.type: `callout` is not a valid enum value for path `type`.\n    at createCourseIntroService (file:///C:/all-desktop-project/xynapse-mono-repo/apps/course-service/src/services/course-intro.service.js:69:13)\n    at process.processTicksAndRejections (node:internal/process/task_queues:95:5)\n    at async file:///C:/all-desktop-project/xynapse-mono-repo/apps/course-service/src/controllers/courseIntro.js:24:18","statusCode":500,"timestamp":"2026-03-28T12:46:44.759Z"}
{"level":"info","message":"[7a8fc721-51e6-403f-9459-504c48a76224] Controller: Creating Course Intro for Course: 69c793c6ac0488fe6c376c0d","service":"course-service","timestamp":"2026-03-28T12:49:45.903Z"}
{"level":"error","message":"[7a8fc721-51e6-403f-9459-504c48a76224] Service: Intro Creation Error: connect ETIMEDOUT 64:ff9b::9f29:b7e9:27017, connect ETIMEDOUT 159.41.183.233:27017","service":"course-service","timestamp":"2026-03-28T12:50:58.624Z"}
{"errorCode":"INTERNAL_ERROR","ip":"::1","level":"error","message":"connect ETIMEDOUT 64:ff9b::9f29:b7e9:27017, connect ETIMEDOUT 159.41.183.233:27017","method":"POST","path":"/api/v1/courseIntro/create","requestId":"7a8fc721-51e6-403f-9459-504c48a76224","service":"course-service","stack":"Error: connect ETIMEDOUT 64:ff9b::9f29:b7e9:27017, connect ETIMEDOUT 159.41.183.233:27017\n    at createCourseIntroService (file:///C:/all-desktop-project/xynapse-mono-repo/apps/course-service/src/services/course-intro.service.js:69:13)\n    at process.processTicksAndRejections (node:internal/process/task_queues:95:5)\n    at async file:///C:/all-desktop-project/xynapse-mono-repo/apps/course-service/src/controllers/courseIntro.js:24:18","statusCode":500,"timestamp":"2026-03-28T12:50:58.625Z"}
{"level":"info","message":"[1d950027-afa1-4c88-84b4-12949c647d54] Controller: Creating Course Intro for Course: 69c793c6ac0488fe6c376c0d","service":"course-service","timestamp":"2026-03-28T12:54:55.099Z"}
{"level":"error","message":"[1d950027-afa1-4c88-84b4-12949c647d54] Service: Intro Creation Error: CourseIntro validation failed: blocks.0.order: Path `order` is required., blocks.0.data: Path `data` is required., blocks.0.type: `banner` is not a valid enum value for path `type`., blocks.1.order: Path `order` is required., blocks.1.data: Path `data` is required., blocks.1.type: `text_block` is not a valid enum value for path `type`., blocks.2.order: Path `order` is required., blocks.2.data: Path `data` is required., blocks.2.type: `list_points` is not a valid enum value for path `type`., blocks.3.order: Path `order` is required., blocks.3.data: Path `data` is required., blocks.3.type: `info_grid` is not a valid enum value for path `type`., blocks.4.order: Path `order` is required., blocks.4.data: Path `data` is required., blocks.4.type: `callout` is not a valid enum value for path `type`.","service":"course-service","timestamp":"2026-03-28T12:54:55.430Z"}
{"errorCode":"INTERNAL_ERROR","ip":"::1","level":"error","message":"CourseIntro validation failed: blocks.0.order: Path `order` is required., blocks.0.data: Path `data` is required., blocks.0.type: `banner` is not a valid enum value for path `type`., blocks.1.order: Path `order` is required., blocks.1.data: Path `data` is required., blocks.1.type: `text_block` is not a valid enum value for path `type`., blocks.2.order: Path `order` is required., blocks.2.data: Path `data` is required., blocks.2.type: `list_points` is not a valid enum value for path `type`., blocks.3.order: Path `order` is required., blocks.3.data: Path `data` is required., blocks.3.type: `info_grid` is not a valid enum value for path `type`., blocks.4.order: Path `order` is required., blocks.4.data: Path `data` is required., blocks.4.type: `callout` is not a valid enum value for path `type`.","method":"POST","path":"/api/v1/courseIntro/create","requestId":"1d950027-afa1-4c88-84b4-12949c647d54","service":"course-service","stack":"Error: CourseIntro validation failed: blocks.0.order: Path `order` is required., blocks.0.data: Path `data` is required., blocks.0.type: `banner` is not a valid enum value for path `type`., blocks.1.order: Path `order` is required., blocks.1.data: Path `data` is required., blocks.1.type: `text_block` is not a valid enum value for path `type`., blocks.2.order: Path `order` is required., blocks.2.data: Path `data` is required., blocks.2.type: `list_points` is not a valid enum value for path `type`., blocks.3.order: Path `order` is required., blocks.3.data: Path `data` is required., blocks.3.type: `info_grid` is not a valid enum value for path `type`., blocks.4.order: Path `order` is required., blocks.4.data: Path `data` is required., blocks.4.type: `callout` is not a valid enum value for path `type`.\n    at createCourseIntroService (file:///C:/all-desktop-project/xynapse-mono-repo/apps/course-service/src/services/course-intro.service.js:69:13)\n    at process.processTicksAndRejections (node:internal/process/task_queues:95:5)\n    at async file:///C:/all-desktop-project/xynapse-mono-repo/apps/course-service/src/controllers/courseIntro.js:24:18","statusCode":500,"timestamp":"2026-03-28T12:54:55.432Z"}
{"level":"info","message":"[039bb497-4eb8-45a4-aaca-7c03ca42e6b6] Controller: Creating Course Intro for Course: 69c793c6ac0488fe6c376c0d","service":"course-service","timestamp":"2026-03-28T12:55:44.751Z"}
{"level":"info","message":"[039bb497-4eb8-45a4-aaca-7c03ca42e6b6] Service: Course Intro created successfully ID: 69c7cfd0d274f8a41976326d","service":"course-service","timestamp":"2026-03-28T12:55:45.101Z"}
{"level":"info","message":"[3d7cc18a-be5c-4742-b2db-fc4389afd4cc] Controller: Creating Course Intro for Course: 69c79369ac0488fe6c376c09","service":"course-service","timestamp":"2026-03-28T12:58:13.167Z"}
{"level":"info","message":"[3d7cc18a-be5c-4742-b2db-fc4389afd4cc] Service: Course Intro created successfully ID: 69c7d065d274f8a419763270","service":"course-service","timestamp":"2026-03-28T12:58:13.431Z"}
{"level":"info","message":"[78be01e4-f40d-4e95-bc4c-878839527e68] Controller: Creating Course Intro for Course: 69c79314ac0488fe6c376c05","service":"course-service","timestamp":"2026-03-28T13:00:28.684Z"}
{"level":"info","message":"[78be01e4-f40d-4e95-bc4c-878839527e68] Service: Course Intro created successfully ID: 69c7d0ecd274f8a419763273","service":"course-service","timestamp":"2026-03-28T13:00:29.058Z"}
{"errorCode":"INTERNAL_ERROR","ip":"::1","level":"error","message":"Authentication required. Please login.","method":"POST","path":"/api/v1/courseIntro/create","requestId":"335c9c87-03fc-4316-9a62-13c7f4fc34ca","service":"course-service","stack":"Error: Authentication required. Please login.\n    at file:///C:/all-desktop-project/xynapse-mono-repo/packages/common/src/middleware/auth.js:12:11\n    at file:///C:/all-desktop-project/xynapse-mono-repo/packages/common/src/middleware/CatchAsyncError.js:3:21\n    at Layer.handle [as handle_request] (C:\\all-desktop-project\\xynapse-mono-repo\\node_modules\\express\\lib\\router\\layer.js:95:5)\n    at trim_prefix (C:\\all-desktop-project\\xynapse-mono-repo\\node_modules\\express\\lib\\router\\index.js:328:13)\n    at C:\\all-desktop-project\\xynapse-mono-repo\\node_modules\\express\\lib\\router\\index.js:286:9\n    at Function.process_params (C:\\all-desktop-project\\xynapse-mono-repo\\node_modules\\express\\lib\\router\\index.js:346:12)\n    at next (C:\\all-desktop-project\\xynapse-mono-repo\\node_modules\\express\\lib\\router\\index.js:280:10)\n    at attachRequestId (file:///C:/all-desktop-project/xynapse-mono-repo/packages/common/src/middleware/requestId.js:11:3)\n    at Layer.handle [as handle_request] (C:\\all-desktop-project\\xynapse-mono-repo\\node_modules\\express\\lib\\router\\layer.js:95:5)\n    at trim_prefix (C:\\all-desktop-project\\xynapse-mono-repo\\node_modules\\express\\lib\\router\\index.js:328:13)","statusCode":401,"timestamp":"2026-03-28T13:01:51.002Z"}
{"level":"info","message":"[b708ad8f-91ea-47e3-8c20-f77caa098e73] Controller: Creating Course Intro for Course: 69c792caac0488fe6c376c01","service":"course-service","timestamp":"2026-03-28T13:02:00.824Z"}
{"level":"info","message":"[b708ad8f-91ea-47e3-8c20-f77caa098e73] Service: Course Intro created successfully ID: 69c7d148d274f8a419763276","service":"course-service","timestamp":"2026-03-28T13:02:01.074Z"}
{"level":"info","message":"[e6174286-c28c-4bf8-9379-1a9e8435acc0] Controller: Creating Course Intro for Course: 69c79165ac0488fe6c376bfd","service":"course-service","timestamp":"2026-03-28T13:03:57.044Z"}
{"level":"info","message":"[e6174286-c28c-4bf8-9379-1a9e8435acc0] Service: Course Intro created successfully ID: 69c7d1bdd274f8a419763279","service":"course-service","timestamp":"2026-03-28T13:03:57.341Z"}
{"level":"info","message":"[67488be4-9aad-4752-b096-678298dc06c7] Controller: Creating Course Intro for Course: 69c790d6ac0488fe6c376bf9","service":"course-service","timestamp":"2026-03-28T13:05:37.030Z"}
{"level":"info","message":"[67488be4-9aad-4752-b096-678298dc06c7] Service: Course Intro created successfully ID: 69c7d221d274f8a41976327c","service":"course-service","timestamp":"2026-03-28T13:05:37.292Z"}
{"level":"info","message":"[ad51d27b-4236-4787-a392-af885bdfe5a7] Controller: Creating Course Intro for Course: 69c79082ac0488fe6c376bf5","service":"course-service","timestamp":"2026-03-28T13:06:53.215Z"}
{"level":"info","message":"[ad51d27b-4236-4787-a392-af885bdfe5a7] Service: Course Intro created successfully ID: 69c7d26dd274f8a41976327f","service":"course-service","timestamp":"2026-03-28T13:06:53.477Z"}
{"level":"info","message":"[031ccad3-2ae0-4fad-90d4-f4dca5a75ec3] Controller: Creating Course Intro for Course: 69c79000ac0488fe6c376bf1","service":"course-service","timestamp":"2026-03-28T13:08:28.958Z"}
{"level":"info","message":"[031ccad3-2ae0-4fad-90d4-f4dca5a75ec3] Service: Course Intro created successfully ID: 69c7d2cdd274f8a419763282","service":"course-service","timestamp":"2026-03-28T13:08:29.210Z"}
{"level":"info","message":"[bf54c4a5-c846-49bf-b3d2-005fd8cc1c93] Controller: Creating Course Intro for Course: 69c78eaeac0488fe6c376bed","service":"course-service","timestamp":"2026-03-28T13:10:08.416Z"}
{"level":"info","message":"[bf54c4a5-c846-49bf-b3d2-005fd8cc1c93] Service: Course Intro created successfully ID: 69c7d330d274f8a419763285","service":"course-service","timestamp":"2026-03-28T13:10:08.859Z"}
{"level":"info","message":"[28e144de-516c-469e-857b-63314bdd1e47] Controller: Creating Course Intro for Course: 69c78e53ac0488fe6c376be9","service":"course-service","timestamp":"2026-03-28T13:11:27.886Z"}
{"level":"info","message":"[28e144de-516c-469e-857b-63314bdd1e47] Service: Course Intro created successfully ID: 69c7d380d274f8a419763288","service":"course-service","timestamp":"2026-03-28T13:11:28.311Z"}
{"level":"info","message":"[1211fa24-6bf8-401e-b7cc-2141e4c77005] Controller: Creating Course Intro for Course: 69c78df8ac0488fe6c376be5","service":"course-service","timestamp":"2026-03-28T13:14:12.820Z"}
{"level":"info","message":"[1211fa24-6bf8-401e-b7cc-2141e4c77005] Service: Course Intro created successfully ID: 69c7d424d274f8a41976328b","service":"course-service","timestamp":"2026-03-28T13:14:13.177Z"}
{"level":"info","message":"[a96ee991-317f-4f7c-95be-339a0e1478d9] Controller: Creating Course Intro for Course: 69c78ab1ac0488fe6c376be1","service":"course-service","timestamp":"2026-03-28T13:15:39.200Z"}
{"level":"info","message":"[a96ee991-317f-4f7c-95be-339a0e1478d9] Service: Course Intro created successfully ID: 69c7d47bd274f8a41976328e","service":"course-service","timestamp":"2026-03-28T13:15:39.499Z"}
{"errorCode":"INTERNAL_ERROR","ip":"::1","level":"error","message":"Authentication required. Please login.","method":"POST","path":"/api/v1/courseIntro/create","requestId":"eb2691e9-23a4-4418-a87a-a8fd9ed24d0c","service":"course-service","stack":"Error: Authentication required. Please login.\n    at file:///C:/all-desktop-project/xynapse-mono-repo/packages/common/src/middleware/auth.js:12:11\n    at file:///C:/all-desktop-project/xynapse-mono-repo/packages/common/src/middleware/CatchAsyncError.js:3:21\n    at Layer.handle [as handle_request] (C:\\all-desktop-project\\xynapse-mono-repo\\node_modules\\express\\lib\\router\\layer.js:95:5)\n    at trim_prefix (C:\\all-desktop-project\\xynapse-mono-repo\\node_modules\\express\\lib\\router\\index.js:328:13)\n    at C:\\all-desktop-project\\xynapse-mono-repo\\node_modules\\express\\lib\\router\\index.js:286:9\n    at Function.process_params (C:\\all-desktop-project\\xynapse-mono-repo\\node_modules\\express\\lib\\router\\index.js:346:12)\n    at next (C:\\all-desktop-project\\xynapse-mono-repo\\node_modules\\express\\lib\\router\\index.js:280:10)\n    at attachRequestId (file:///C:/all-desktop-project/xynapse-mono-repo/packages/common/src/middleware/requestId.js:11:3)\n    at Layer.handle [as handle_request] (C:\\all-desktop-project\\xynapse-mono-repo\\node_modules\\express\\lib\\router\\layer.js:95:5)\n    at trim_prefix (C:\\all-desktop-project\\xynapse-mono-repo\\node_modules\\express\\lib\\router\\index.js:328:13)","statusCode":401,"timestamp":"2026-03-28T13:17:22.450Z"}
{"level":"info","message":"[bc18a51a-6e22-4329-a743-24fd54292e1f] Controller: Creating Course Intro for Course: 69c78a3fac0488fe6c376bdc","service":"course-service","timestamp":"2026-03-28T13:17:29.976Z"}
{"level":"info","message":"[bc18a51a-6e22-4329-a743-24fd54292e1f] Service: Course Intro created successfully ID: 69c7d4ead274f8a419763291","service":"course-service","timestamp":"2026-03-28T13:17:30.205Z"}
{"errorCode":"INTERNAL_ERROR","ip":"::1","level":"error","message":"Unexpected token 'h', \"\r\nhttps:\n\r\n{\"... is not valid JSON","method":"POST","path":"/api/v1/courseIntro/create","requestId":"N/A","service":"course-service","stack":"SyntaxError: Unexpected token 'h', \"\r\nhttps:\n\r\n{\"... is not valid JSON\n    at JSON.parse (<anonymous>)\n    at createStrictSyntaxError (C:\\all-desktop-project\\xynapse-mono-repo\\node_modules\\body-parser\\lib\\types\\json.js:169:10)\n    at parse (C:\\all-desktop-project\\xynapse-mono-repo\\node_modules\\body-parser\\lib\\types\\json.js:86:15)\n    at C:\\all-desktop-project\\xynapse-mono-repo\\node_modules\\body-parser\\lib\\read.js:128:18\n    at AsyncResource.runInAsyncScope (node:async_hooks:206:9)\n    at invokeCallback (C:\\all-desktop-project\\xynapse-mono-repo\\node_modules\\raw-body\\index.js:238:16)\n    at done (C:\\all-desktop-project\\xynapse-mono-repo\\node_modules\\raw-body\\index.js:227:7)\n    at IncomingMessage.onEnd (C:\\all-desktop-project\\xynapse-mono-repo\\node_modules\\raw-body\\index.js:287:7)\n    at IncomingMessage.emit (node:events:524:28)\n    at endReadableNT (node:internal/streams/readable:1698:12)","statusCode":400,"timestamp":"2026-03-28T13:19:25.037Z"}
{"level":"info","message":"[e10eabbd-4321-425b-81f9-6e98964dc07a] Controller: Creating Course Intro for Course: 69c7899aac0488fe6c376bd7","service":"course-service","timestamp":"2026-03-28T13:19:29.743Z"}
{"level":"info","message":"[e10eabbd-4321-425b-81f9-6e98964dc07a] Service: Course Intro created successfully ID: 69c7d561d274f8a419763294","service":"course-service","timestamp":"2026-03-28T13:19:30.104Z"}
{"level":"info","message":"[74b246d0-c659-4be5-8123-ea807cb03ab0] Controller: Creating Course Intro for Course: 69c788eaac0488fe6c376bd2","service":"course-service","timestamp":"2026-03-28T13:20:53.191Z"}
{"level":"info","message":"[74b246d0-c659-4be5-8123-ea807cb03ab0] Service: Course Intro created successfully ID: 69c7d5b5d274f8a419763297","service":"course-service","timestamp":"2026-03-28T13:20:53.561Z"}
{"level":"info","message":"[ebb9e034-88bc-4c34-8745-9d671a455920] Controller: Creating Course Intro for Course: 69a00de4f309f6f528c8cc75","service":"course-service","timestamp":"2026-03-28T13:23:43.691Z"}
{"level":"info","message":"[ebb9e034-88bc-4c34-8745-9d671a455920] Service: Course Intro created successfully ID: 69c7d65fd274f8a41976329a","service":"course-service","timestamp":"2026-03-28T13:23:44.031Z"}
{"level":"info","message":"[7f598633-b0a4-468d-8cfb-bb7c9857669d] Service: Fetching all chapters for Course: 69c793c6ac0488fe6c376c0d","service":"course-service","timestamp":"2026-03-28T14:03:13.504Z"}
{"level":"info","message":"[CategoriesFetched] RID: 93490b01-989d-4d3f-b384-1369eb8ae8fd - Count: 5","service":"course-service","timestamp":"2026-03-28T14:27:40.912Z"}
{"level":"info","message":"[AllCoursesFetched] RID: fcd6bbd5-bc2a-4d77-8be0-44c416bf49e6 - Count: 4","service":"course-service","timestamp":"2026-03-28T14:27:40.979Z"}
{"level":"info","message":"[CategoriesFetched] RID: 24e30e6a-4c39-493e-973e-2195f0610492 - Count: 5","service":"course-service","timestamp":"2026-03-28T14:27:41.072Z"}
{"level":"info","message":"[AllCoursesFetched] RID: bc342ec2-f766-4680-9864-7163ed671788 - Count: 4","service":"course-service","timestamp":"2026-03-28T14:27:41.217Z"}
{"level":"info","message":"[CategoriesFetched] RID: 116aebd3-c1bb-45dc-a322-4ef69e9df468 - Count: 5","service":"course-service","timestamp":"2026-03-28T14:27:41.220Z"}
{"level":"info","message":"[CategoriesFetched] RID: 906efdcd-bf31-48c1-aee7-94324e28bdde - Count: 5","service":"course-service","timestamp":"2026-03-28T14:27:41.400Z"}
{"level":"info","message":"[AllCoursesFetched] RID: 600b3b1f-3b34-4f6b-bafa-b1b5a8ae2b77 - Count: 3","service":"course-service","timestamp":"2026-03-28T14:28:07.492Z"}
{"level":"info","message":"[AllCoursesFetched] RID: fe8fd4ba-1338-4d33-8b08-7b4f7fc81bfc - Count: 10","service":"course-service","timestamp":"2026-03-28T14:34:36.444Z"}
{"level":"info","message":"[CategoriesFetched] RID: e19ae280-3a66-40db-ba39-1ef417ef76a7 - Count: 5","service":"course-service","timestamp":"2026-03-28T14:39:15.792Z"}
{"level":"info","message":"[AllCoursesFetched] RID: bdaa99c9-8bfb-4c55-bce1-8d3fdde7056f - Count: 3","service":"course-service","timestamp":"2026-03-28T14:39:15.898Z"}
{"level":"info","message":"[CategoriesFetched] RID: 0a1dd449-a29f-4bfb-9b6b-efc8afef5144 - Count: 5","service":"course-service","timestamp":"2026-03-28T14:39:15.902Z"}
{"level":"info","message":"[CategoriesFetched] RID: d31581df-397d-43f2-88fd-352617aff011 - Count: 5","service":"course-service","timestamp":"2026-03-28T14:39:15.999Z"}
{"level":"info","message":"[AllCoursesFetched] RID: 19cf2eeb-9942-41e8-b563-047a02de4360 - Count: 3","service":"course-service","timestamp":"2026-03-28T14:39:16.099Z"}
{"level":"info","message":"[CategoriesFetched] RID: b052172a-1e30-4532-81dc-f6c6c3edafcd - Count: 5","service":"course-service","timestamp":"2026-03-28T14:39:16.101Z"}
{"level":"info","message":"[AllCoursesFetched] RID: be7b5f72-1380-4a1e-93a7-54f09619ab74 - Count: 4","service":"course-service","timestamp":"2026-03-28T14:56:05.540Z"}
{"level":"info","message":"[a7f2a5ef-12ed-40f0-9143-4da077c7aef8] Controller: Fetching Course Intro for Course: 69c78ab1ac0488fe6c376be1","service":"course-service","timestamp":"2026-03-28T14:56:07.978Z"}
{"level":"info","message":"[44b7b4d8-8d9a-438c-a434-f28023792eee] Controller: Fetching Course Intro for Course: 69c78ab1ac0488fe6c376be1","service":"course-service","timestamp":"2026-03-28T14:56:08.166Z"}
{"level":"info","message":"[f396d7c7-d412-4b69-a2e4-b5a7ecd77fa2] Controller: Fetching Course Intro for Course: 69c78ab1ac0488fe6c376be1","service":"course-service","timestamp":"2026-03-28T14:56:15.710Z"}
{"level":"info","message":"[CategoriesFetched] RID: 3cd5e0b3-68cc-417d-b854-7237a676e695 - Count: 5","service":"course-service","timestamp":"2026-03-28T14:56:15.799Z"}
{"level":"info","message":"[beba21dc-060e-4475-a417-a290ef09302b] Controller: Fetching Course Intro for Course: 69c78ab1ac0488fe6c376be1","service":"course-service","timestamp":"2026-03-28T14:56:15.812Z"}
{"level":"info","message":"[CategoriesFetched] RID: e4df4bbd-e47d-405a-8c43-663d7b519d6f - Count: 5","service":"course-service","timestamp":"2026-03-28T14:56:16.005Z"}
{"level":"info","message":"[53042d14-57e3-4904-91d2-b1fe47f4652f] Controller: Fetching Course Intro for Course: 69c78ab1ac0488fe6c376be1","service":"course-service","timestamp":"2026-03-28T14:57:33.703Z"}
{"level":"info","message":"[CategoriesFetched] RID: beef1b28-cabc-4eaf-80e7-90696f22916f - Count: 5","service":"course-service","timestamp":"2026-03-28T14:57:33.830Z"}
{"level":"info","message":"[aa5a34e4-c447-431f-abf2-799bd28f3ef7] Controller: Fetching Course Intro for Course: 69c78ab1ac0488fe6c376be1","service":"course-service","timestamp":"2026-03-28T14:57:33.838Z"}
{"level":"info","message":"[CategoriesFetched] RID: 9f1df52f-0626-45e2-92dd-92028b065059 - Count: 5","service":"course-service","timestamp":"2026-03-28T14:57:33.933Z"}
{"level":"info","message":"[1722eb84-f54d-43ba-a5e0-7185268c27e7] Controller: Fetching Course Intro for Course: 69c78ab1ac0488fe6c376be1","service":"course-service","timestamp":"2026-03-28T14:57:35.699Z"}
{"level":"info","message":"[CategoriesFetched] RID: 6cbefc4c-1e3b-40ea-bf9d-f9021b5552c1 - Count: 5","service":"course-service","timestamp":"2026-03-28T14:57:35.779Z"}
{"level":"info","message":"[8fe0dd07-3044-447d-9423-dd0ea6925dcd] Controller: Fetching Course Intro for Course: 69c78ab1ac0488fe6c376be1","service":"course-service","timestamp":"2026-03-28T14:57:35.783Z"}
{"level":"info","message":"[CategoriesFetched] RID: 852fd2e4-3819-4a7e-9f37-e1d0f30dfd5d - Count: 5","service":"course-service","timestamp":"2026-03-28T14:57:35.859Z"}
{"level":"info","message":"[7566133b-2eb6-4199-8506-9be868d0c115] Controller: Fetching Course Intro for Course: 69c78ab1ac0488fe6c376be1","service":"course-service","timestamp":"2026-03-28T14:57:49.567Z"}
{"level":"info","message":"[CategoriesFetched] RID: 945701a2-2cdf-4de7-83e6-c34f016a056f - Count: 5","service":"course-service","timestamp":"2026-03-28T14:57:49.643Z"}
{"level":"info","message":"[39a3266b-41db-43a5-b2b3-32ea5537137b] Controller: Fetching Course Intro for Course: 69c78ab1ac0488fe6c376be1","service":"course-service","timestamp":"2026-03-28T14:57:49.654Z"}
{"level":"info","message":"[CategoriesFetched] RID: 70dbd4ba-4e72-4c70-b046-0dfb0cbabca3 - Count: 5","service":"course-service","timestamp":"2026-03-28T14:57:49.732Z"}
{"level":"info","message":"[CategoriesFetched] RID: 2fe7d0eb-168b-4aeb-908a-7598c4d7c1a5 - Count: 5","service":"course-service","timestamp":"2026-03-28T14:57:57.330Z"}
{"level":"info","message":"[AllCoursesFetched] RID: 0f78ab2d-5a65-4908-a911-f9d72c812852 - Count: 4","service":"course-service","timestamp":"2026-03-28T14:57:57.403Z"}
{"level":"info","message":"[CategoriesFetched] RID: 6f30c571-6d16-4a39-96a4-ba451f2cdf5a - Count: 5","service":"course-service","timestamp":"2026-03-28T14:57:57.416Z"}
{"level":"info","message":"[AllCoursesFetched] RID: 4c6bb4af-abe0-4e9a-b413-225bbb940698 - Count: 4","service":"course-service","timestamp":"2026-03-28T14:57:57.543Z"}
{"level":"info","message":"[b8b816cc-20d5-4fec-81c4-a9e09e91fa5d] Controller: Fetching Course Intro for Course: 69c78a3fac0488fe6c376bdc","service":"course-service","timestamp":"2026-03-28T14:57:59.276Z"}
{"level":"info","message":"[af405e52-89c1-4441-97cb-54df3fd3c99c] Controller: Fetching Course Intro for Course: 69c78a3fac0488fe6c376bdc","service":"course-service","timestamp":"2026-03-28T14:57:59.409Z"}
{"level":"info","message":"[6a63a3c7-5876-4e67-b1a6-1b8603087a19] Controller: Fetching Course Intro for Course: 69c78a3fac0488fe6c376bdc","service":"course-service","timestamp":"2026-03-28T15:01:57.922Z"}
{"level":"info","message":"[CategoriesFetched] RID: 5619ea07-0338-4be5-a15a-975b14da37bc - Count: 5","service":"course-service","timestamp":"2026-03-28T15:01:58.008Z"}
{"level":"info","message":"[24495e07-ce72-455b-b01e-8db5a6307a39] Controller: Fetching Course Intro for Course: 69c78a3fac0488fe6c376bdc","service":"course-service","timestamp":"2026-03-28T15:01:58.014Z"}
{"level":"info","message":"[CategoriesFetched] RID: 2d32976f-7942-43e7-88ef-8c13e1a12816 - Count: 5","service":"course-service","timestamp":"2026-03-28T15:01:58.126Z"}
{"level":"info","message":"[507e7c6c-be72-4969-92fa-9a0a05f0858f] Service: Fetching all chapters for Course: 69c78a3fac0488fe6c376bdc","service":"course-service","timestamp":"2026-03-28T15:15:45.120Z"}
{"level":"info","message":"[bbb89ea8-189d-4281-8aed-cd7eeabd71a4] Controller: Fetching Course Intro for Course: 69c78a3fac0488fe6c376bdc","service":"course-service","timestamp":"2026-03-28T15:15:45.123Z"}
{"level":"info","message":"[ce49a73e-93ae-4893-9aca-40cf24fbbf6a] Controller: Fetching Course Intro for Course: 69c78a3fac0488fe6c376bdc","service":"course-service","timestamp":"2026-03-28T15:15:49.670Z"}
{"level":"info","message":"[c85bfb24-09e8-443f-ac30-149479324e3a] Service: Fetching all chapters for Course: 69c78a3fac0488fe6c376bdc","service":"course-service","timestamp":"2026-03-28T15:15:49.673Z"}
{"level":"info","message":"[CategoriesFetched] RID: 2b305170-7b45-493a-81fc-44b7649b3e39 - Count: 5","service":"course-service","timestamp":"2026-03-28T15:15:49.784Z"}
{"level":"info","message":"[263d5427-3b94-4cf7-857a-bc28170d2544] Controller: Fetching Course Intro for Course: 69c78a3fac0488fe6c376bdc","service":"course-service","timestamp":"2026-03-28T15:15:49.791Z"}
{"level":"info","message":"[6a1ea690-e8df-4cc7-8551-88c9c55cd1a1] Service: Fetching all chapters for Course: 69c78a3fac0488fe6c376bdc","service":"course-service","timestamp":"2026-03-28T15:15:49.793Z"}
{"level":"info","message":"[CategoriesFetched] RID: 2125b3a8-4a53-4d51-8fb2-fafc1d47f97e - Count: 5","service":"course-service","timestamp":"2026-03-28T15:15:49.924Z"}
{"level":"info","message":"[59e3178c-60fc-4052-ab25-6ce9495a055a] Controller: Fetching Course Intro for Course: 69c78a3fac0488fe6c376bdc","service":"course-service","timestamp":"2026-03-28T15:15:55.086Z"}
{"level":"info","message":"[9dce1e28-a47e-4f1d-ab82-b56c4635a878] Service: Fetching all chapters for Course: 69c78a3fac0488fe6c376bdc","service":"course-service","timestamp":"2026-03-28T15:15:55.089Z"}
{"level":"info","message":"[CategoriesFetched] RID: f10b0e10-b4ee-46da-87ff-1d0c2a35a4db - Count: 5","service":"course-service","timestamp":"2026-03-28T15:15:55.168Z"}
{"level":"info","message":"[c32ee195-0e49-4ce1-b81a-febf32cec168] Controller: Fetching Course Intro for Course: 69c78a3fac0488fe6c376bdc","service":"course-service","timestamp":"2026-03-28T15:15:55.187Z"}
{"level":"info","message":"[8620324b-e4a3-424f-916f-dd8c9a7df6fb] Service: Fetching all chapters for Course: 69c78a3fac0488fe6c376bdc","service":"course-service","timestamp":"2026-03-28T15:15:55.191Z"}
{"level":"info","message":"[CategoriesFetched] RID: 9ea8730c-c846-4158-ac35-c78f9a0ab901 - Count: 5","service":"course-service","timestamp":"2026-03-28T15:15:55.261Z"}
{"level":"info","message":"[0c422bfe-c26b-42d0-aa07-8696c0d916de] Controller: Fetching Course Intro for Course: 69c78a3fac0488fe6c376bdc","service":"course-service","timestamp":"2026-03-28T15:16:13.708Z"}
{"level":"info","message":"[b820acc7-b67f-4a21-9e8b-d2c1addb8664] Service: Fetching all chapters for Course: 69c78a3fac0488fe6c376bdc","service":"course-service","timestamp":"2026-03-28T15:16:13.712Z"}
{"level":"info","message":"[CategoriesFetched] RID: 0c9009b3-4426-4c8a-9e3c-710655c2cc74 - Count: 5","service":"course-service","timestamp":"2026-03-28T15:16:13.894Z"}
{"level":"info","message":"[bae2e9a8-347c-4395-ad17-04f996cf0b26] Controller: Fetching Course Intro for Course: 69c78a3fac0488fe6c376bdc","service":"course-service","timestamp":"2026-03-28T15:16:13.906Z"}
{"level":"info","message":"[9ba0b7ff-0424-48a3-80dd-72e3148dbccd] Service: Fetching all chapters for Course: 69c78a3fac0488fe6c376bdc","service":"course-service","timestamp":"2026-03-28T15:16:13.908Z"}
{"level":"info","message":"[CategoriesFetched] RID: b774afde-497f-4275-8633-6d5968bad20b - Count: 5","service":"course-service","timestamp":"2026-03-28T15:16:13.977Z"}
{"level":"info","message":"[71baa844-7ea8-441c-9f30-97ab6f5cd304] Controller: Fetching Course Intro for Course: 69c78a3fac0488fe6c376bdc","service":"course-service","timestamp":"2026-03-28T15:16:15.703Z"}
{"level":"info","message":"[ce675b95-4ae7-4d73-8958-e1bb129572fb] Service: Fetching all chapters for Course: 69c78a3fac0488fe6c376bdc","service":"course-service","timestamp":"2026-03-28T15:16:15.704Z"}
{"level":"info","message":"[CategoriesFetched] RID: 8e0d137e-34d9-439b-906d-7f3112a4a76d - Count: 5","service":"course-service","timestamp":"2026-03-28T15:16:15.829Z"}
{"level":"info","message":"[32e36e0a-6b7e-41b4-a0a4-012e7ee3ab15] Service: Fetching all chapters for Course: 69c78a3fac0488fe6c376bdc","service":"course-service","timestamp":"2026-03-28T15:16:15.840Z"}
{"level":"info","message":"[bc65b9e6-4a92-4c31-82fc-f83d11f2df72] Controller: Fetching Course Intro for Course: 69c78a3fac0488fe6c376bdc","service":"course-service","timestamp":"2026-03-28T15:16:15.841Z"}
{"level":"info","message":"[CategoriesFetched] RID: f5140436-4dfe-45bf-96b1-6e2a6f312212 - Count: 5","service":"course-service","timestamp":"2026-03-28T15:16:15.931Z"}
{"level":"info","message":"[74ba42bf-f372-45f5-af56-da5cd8dcad57] Controller: Fetching Course Intro for Course: 69c78a3fac0488fe6c376bdc","service":"course-service","timestamp":"2026-03-28T15:16:42.024Z"}
{"level":"info","message":"[a5a74c39-d7f9-4af6-80fd-90ec75686a76] Service: Fetching all chapters for Course: 69c78a3fac0488fe6c376bdc","service":"course-service","timestamp":"2026-03-28T15:16:42.026Z"}
{"level":"info","message":"[CategoriesFetched] RID: 9861c767-99d2-4f86-9609-fe502af3036c - Count: 5","service":"course-service","timestamp":"2026-03-28T15:16:42.147Z"}
{"level":"info","message":"[177b69f3-2fde-4ee1-8b2c-88fcd8a5e738] Controller: Fetching Course Intro for Course: 69c78a3fac0488fe6c376bdc","service":"course-service","timestamp":"2026-03-28T15:16:42.157Z"}
{"level":"info","message":"[9b86e252-0e9b-41b1-8093-204e143d9aab] Service: Fetching all chapters for Course: 69c78a3fac0488fe6c376bdc","service":"course-service","timestamp":"2026-03-28T15:16:42.160Z"}
{"level":"info","message":"[CategoriesFetched] RID: 7ba5ecae-9154-4c48-a910-9caf87d69727 - Count: 5","service":"course-service","timestamp":"2026-03-28T15:16:42.249Z"}
{"level":"info","message":"[CategoriesFetched] RID: 39ed683f-a7a7-4f56-b826-2de0e13ae999 - Count: 5","service":"course-service","timestamp":"2026-03-28T15:17:14.197Z"}
{"level":"info","message":"[CategoriesFetched] RID: 7ee93823-d366-4f25-93f1-b08836f97b88 - Count: 5","service":"course-service","timestamp":"2026-03-28T15:17:14.302Z"}
{"level":"info","message":"[AllCoursesFetched] RID: 492aac8b-a49a-41ef-81bf-10666ef8b40c - Count: 4","service":"course-service","timestamp":"2026-03-28T15:17:14.303Z"}
{"level":"info","message":"[AllCoursesFetched] RID: 5ff0682c-6ac9-4e80-8c2d-139983622894 - Count: 4","service":"course-service","timestamp":"2026-03-28T15:17:14.472Z"}
{"level":"info","message":"[AllCoursesFetched] RID: 7a2a09f0-b416-44fa-be72-04de0c5e0497 - Count: 4","service":"course-service","timestamp":"2026-03-28T15:17:17.782Z"}
{"level":"info","message":"[9c1da73a-aa22-437e-bc0b-c448db5908d1] Controller: Fetching Course Intro for Course: 69c793c6ac0488fe6c376c0d","service":"course-service","timestamp":"2026-03-28T15:17:19.515Z"}
{"level":"info","message":"[62bbeea5-d346-457c-8a5d-54f96d1d2468] Service: Fetching all chapters for Course: 69c793c6ac0488fe6c376c0d","service":"course-service","timestamp":"2026-03-28T15:17:19.518Z"}
{"level":"info","message":"[62dd313a-1626-4d3a-a15d-8588fd64d04f] Controller: Fetching Course Intro for Course: 69c793c6ac0488fe6c376c0d","service":"course-service","timestamp":"2026-03-28T15:17:19.605Z"}
{"level":"info","message":"[cfa6ab83-f46c-4179-8094-5c83599f625b] Service: Fetching all chapters for Course: 69c793c6ac0488fe6c376c0d","service":"course-service","timestamp":"2026-03-28T15:17:19.610Z"}
{"level":"info","message":"[9dcce4fe-7a81-4fad-81a9-f3b559290c5a] Controller: Fetching Course Intro for Course: 69c793c6ac0488fe6c376c0d","service":"course-service","timestamp":"2026-03-28T15:42:21.997Z"}
{"level":"info","message":"[a5688bc4-7498-4ef6-935c-a4c0507acf9e] Service: Fetching all chapters for Course: 69c793c6ac0488fe6c376c0d","service":"course-service","timestamp":"2026-03-28T15:42:21.999Z"}
{"level":"info","message":"[CategoriesFetched] RID: 80b7163c-da17-47fa-8d47-59307110853e - Count: 5","service":"course-service","timestamp":"2026-03-28T15:42:22.062Z"}
{"level":"info","message":"[f963b4f6-be5b-444f-8fcd-09b227d91cd5] Controller: Fetching Course Intro for Course: 69c793c6ac0488fe6c376c0d","service":"course-service","timestamp":"2026-03-28T15:42:22.070Z"}
{"level":"info","message":"[773a00cb-5684-43ab-bcbd-1d4b5a3b5022] Service: Fetching all chapters for Course: 69c793c6ac0488fe6c376c0d","service":"course-service","timestamp":"2026-03-28T15:42:22.074Z"}
{"level":"info","message":"[CategoriesFetched] RID: 9b30525a-f6c6-496d-b6a2-f9bd31927ac2 - Count: 5","service":"course-service","timestamp":"2026-03-28T15:42:22.145Z"}
{"level":"info","message":"[44ab8b5f-6af7-4ffb-8aeb-e041fb53619b] Controller: Fetching reviews for Course: 69c793c6ac0488fe6c376c0d","service":"course-service","timestamp":"2026-03-28T15:50:11.810Z"}
{"level":"info","message":"[44ab8b5f-6af7-4ffb-8aeb-e041fb53619b] Service: Fetching reviews for Course: 69c793c6ac0488fe6c376c0d | Page: 1 | Sort: newest","service":"course-service","timestamp":"2026-03-28T15:50:11.812Z"}
{"level":"info","message":"[7a484eaf-ab0d-41e7-8d7f-b77b978a8098] Controller: Fetching Course Intro for Course: 69c793c6ac0488fe6c376c0d","service":"course-service","timestamp":"2026-03-28T15:50:11.816Z"}
{"level":"info","message":"[2dd96c0b-d2ca-4969-8ec5-57511e306222] Service: Fetching all chapters for Course: 69c793c6ac0488fe6c376c0d","service":"course-service","timestamp":"2026-03-28T15:50:11.821Z"}
{"level":"info","message":"[CategoriesFetched] RID: de701558-f361-4320-8a80-3d3b1713e1b0 - Count: 5","service":"course-service","timestamp":"2026-03-28T15:50:11.886Z"}
{"level":"info","message":"[a3c19730-6d23-4fd2-8878-915adbc5be89] Controller: Fetching reviews for Course: 69c793c6ac0488fe6c376c0d","service":"course-service","timestamp":"2026-03-28T15:50:11.901Z"}
{"level":"info","message":"[a3c19730-6d23-4fd2-8878-915adbc5be89] Service: Fetching reviews for Course: 69c793c6ac0488fe6c376c0d | Page: 1 | Sort: newest","service":"course-service","timestamp":"2026-03-28T15:50:11.902Z"}
{"level":"info","message":"[addeb1ef-9d54-4ae0-aa17-ef487bb1f447] Controller: Fetching Course Intro for Course: 69c793c6ac0488fe6c376c0d","service":"course-service","timestamp":"2026-03-28T15:50:11.903Z"}
{"level":"info","message":"[343473d9-6e3f-4134-b57a-d376cc0e8448] Service: Fetching all chapters for Course: 69c793c6ac0488fe6c376c0d","service":"course-service","timestamp":"2026-03-28T15:50:11.911Z"}
{"level":"info","message":"[CategoriesFetched] RID: fe1ac6f1-e1bd-442d-be39-91c76b06d63d - Count: 5","service":"course-service","timestamp":"2026-03-28T15:50:11.966Z"}
{"level":"info","message":"[923fda28-d401-4ba1-b104-18e32993e3fe] Controller: Fetching reviews for Course: 69c793c6ac0488fe6c376c0d","service":"course-service","timestamp":"2026-03-28T15:51:00.625Z"}
{"level":"info","message":"[923fda28-d401-4ba1-b104-18e32993e3fe] Service: Fetching reviews for Course: 69c793c6ac0488fe6c376c0d | Page: 1 | Sort: newest","service":"course-service","timestamp":"2026-03-28T15:51:00.626Z"}
{"level":"info","message":"[a7e5fe11-fe25-45c0-ba4b-9f5108a340ce] Controller: Fetching reviews for Course: 69c793c6ac0488fe6c376c0d","service":"course-service","timestamp":"2026-03-28T15:51:03.559Z"}
{"level":"info","message":"[a7e5fe11-fe25-45c0-ba4b-9f5108a340ce] Service: Fetching reviews for Course: 69c793c6ac0488fe6c376c0d | Page: 1 | Sort: newest","service":"course-service","timestamp":"2026-03-28T15:51:03.560Z"}
{"level":"info","message":"[2a42721b-16bc-4ff3-b90b-c44cb130a4c8] Controller: Fetching reviews for Course: 69c793c6ac0488fe6c376c0d","service":"course-service","timestamp":"2026-03-28T15:51:12.618Z"}
{"level":"info","message":"[2a42721b-16bc-4ff3-b90b-c44cb130a4c8] Service: Fetching reviews for Course: 69c793c6ac0488fe6c376c0d | Page: 1 | Sort: newest","service":"course-service","timestamp":"2026-03-28T15:51:12.618Z"}
{"level":"info","message":"[8e9cff4b-28da-436a-a0de-9c8d5c8c4dfb] Controller: Fetching reviews for Course: 69c793c6ac0488fe6c376c0d","service":"course-service","timestamp":"2026-03-28T15:53:37.604Z"}
{"level":"info","message":"[8e9cff4b-28da-436a-a0de-9c8d5c8c4dfb] Service: Fetching reviews for Course: 69c793c6ac0488fe6c376c0d | Page: 1 | Sort: newest","service":"course-service","timestamp":"2026-03-28T15:53:37.605Z"}
{"level":"info","message":"[748b908f-38ea-40cd-a0e4-fca7e4ff9547] Controller: Fetching reviews for Course: 69c793c6ac0488fe6c376c0d","service":"course-service","timestamp":"2026-03-28T15:53:39.612Z"}
{"level":"info","message":"[748b908f-38ea-40cd-a0e4-fca7e4ff9547] Service: Fetching reviews for Course: 69c793c6ac0488fe6c376c0d | Page: 1 | Sort: newest","service":"course-service","timestamp":"2026-03-28T15:53:39.613Z"}
{"level":"info","message":"[ee98f5cd-8b2d-4c17-b6fc-84174943130c] Controller: Fetching reviews for Course: 69c793c6ac0488fe6c376c0d","service":"course-service","timestamp":"2026-03-28T15:53:41.608Z"}
{"level":"info","message":"[ee98f5cd-8b2d-4c17-b6fc-84174943130c] Service: Fetching reviews for Course: 69c793c6ac0488fe6c376c0d | Page: 1 | Sort: newest","service":"course-service","timestamp":"2026-03-28T15:53:41.609Z"}
{"level":"info","message":"[4013a27b-3cb7-41a9-87af-11d8a4d83921] Controller: Fetching reviews for Course: 69c793c6ac0488fe6c376c0d","service":"course-service","timestamp":"2026-03-28T15:55:10.616Z"}
{"level":"info","message":"[4013a27b-3cb7-41a9-87af-11d8a4d83921] Service: Fetching reviews for Course: 69c793c6ac0488fe6c376c0d | Page: 1 | Sort: newest","service":"course-service","timestamp":"2026-03-28T15:55:10.617Z"}
{"level":"info","message":"[7861ea0c-50d3-43ba-bca3-e723dfd62207] Controller: Fetching reviews for Course: 69c793c6ac0488fe6c376c0d","service":"course-service","timestamp":"2026-03-28T15:55:13.609Z"}
{"level":"info","message":"[7861ea0c-50d3-43ba-bca3-e723dfd62207] Service: Fetching reviews for Course: 69c793c6ac0488fe6c376c0d | Page: 1 | Sort: newest","service":"course-service","timestamp":"2026-03-28T15:55:13.610Z"}
{"level":"info","message":"[8a7b6d41-366a-4566-a9bc-384551e263b7] Controller: Fetching reviews for Course: 69c793c6ac0488fe6c376c0d","service":"course-service","timestamp":"2026-03-28T15:55:28.610Z"}
{"level":"info","message":"[8a7b6d41-366a-4566-a9bc-384551e263b7] Service: Fetching reviews for Course: 69c793c6ac0488fe6c376c0d | Page: 1 | Sort: newest","service":"course-service","timestamp":"2026-03-28T15:55:28.610Z"}
{"level":"info","message":"[3bf520b9-0787-4393-9f9d-580b46a6b7ad] Controller: Fetching reviews for Course: 69c793c6ac0488fe6c376c0d","service":"course-service","timestamp":"2026-03-28T15:55:55.622Z"}
{"level":"info","message":"[3bf520b9-0787-4393-9f9d-580b46a6b7ad] Service: Fetching reviews for Course: 69c793c6ac0488fe6c376c0d | Page: 1 | Sort: newest","service":"course-service","timestamp":"2026-03-28T15:55:55.622Z"}
{"level":"info","message":"[f818b382-0cf0-4d2d-aed3-a3195c415450] Controller: Initiating review creation for Course: 69c793c6ac0488fe6c376c0d","service":"course-service","timestamp":"2026-03-28T15:56:23.635Z"}
{"level":"info","message":"[f818b382-0cf0-4d2d-aed3-a3195c415450] Service: Review created & Course 69c793c6ac0488fe6c376c0d updated.","service":"course-service","timestamp":"2026-03-28T15:56:24.082Z"}
{"level":"info","message":"[98ad35db-3765-4a6f-98e5-ee29a57d9506] Controller: Fetching reviews for Course: 69c793c6ac0488fe6c376c0d","service":"course-service","timestamp":"2026-03-28T15:56:24.091Z"}
{"level":"info","message":"[98ad35db-3765-4a6f-98e5-ee29a57d9506] Service: Fetching reviews for Course: 69c793c6ac0488fe6c376c0d | Page: 1 | Sort: newest","service":"course-service","timestamp":"2026-03-28T15:56:24.091Z"}
{"level":"info","message":"[98ad35db-3765-4a6f-98e5-ee29a57d9506] Service: Successfully enriched 1 reviews with user data","service":"course-service","timestamp":"2026-03-28T15:56:24.397Z"}
{"level":"info","message":"[71a840b7-6fcf-475d-90ff-810d0be632d2] Controller: Updating review 69c7fa27718dcb35b9076355 for User: 69c6833d6a7053d56d8a4ea5","service":"course-service","timestamp":"2026-03-28T15:56:54.263Z"}
{"level":"info","message":"[71a840b7-6fcf-475d-90ff-810d0be632d2] Internal: Course 69c793c6ac0488fe6c376c0d stats updated.","service":"course-service","timestamp":"2026-03-28T15:56:54.700Z"}
{"level":"info","message":"[71a840b7-6fcf-475d-90ff-810d0be632d2] Service: Review 69c7fa27718dcb35b9076355 updated and stats synced.","service":"course-service","timestamp":"2026-03-28T15:56:54.802Z"}
{"level":"info","message":"[f3da70d8-257d-42ab-a7fd-a6a1f51cdb8a] Controller: Fetching reviews for Course: 69c793c6ac0488fe6c376c0d","service":"course-service","timestamp":"2026-03-28T15:56:54.813Z"}
{"level":"info","message":"[f3da70d8-257d-42ab-a7fd-a6a1f51cdb8a] Service: Fetching reviews for Course: 69c793c6ac0488fe6c376c0d | Page: 1 | Sort: newest","service":"course-service","timestamp":"2026-03-28T15:56:54.814Z"}
{"level":"info","message":"[f3da70d8-257d-42ab-a7fd-a6a1f51cdb8a] Service: Successfully enriched 1 reviews with user data","service":"course-service","timestamp":"2026-03-28T15:56:55.008Z"}
{"level":"info","message":"[147d8cb1-368e-4c24-9cee-238e7d5d4e04] Controller: Initiating review creation for Course: 69c793c6ac0488fe6c376c0d","service":"course-service","timestamp":"2026-03-28T15:57:02.248Z"}
{"errorCode":"INTERNAL_ERROR","ip":"::1","level":"error","message":"You have already reviewed this course","method":"POST","path":"/api/v1/review/69c793c6ac0488fe6c376c0d","requestId":"147d8cb1-368e-4c24-9cee-238e7d5d4e04","service":"course-service","stack":"Error: You have already reviewed this course\n    at createReviewService (file:///C:/all-desktop-project/xynapse-mono-repo/apps/course-service/src/services/review.service.js:68:13)\n    at process.processTicksAndRejections (node:internal/process/task_queues:95:5)\n    at async file:///C:/all-desktop-project/xynapse-mono-repo/apps/course-service/src/controllers/review.js:26:18","statusCode":409,"timestamp":"2026-03-28T15:57:02.556Z"}
{"level":"info","message":"[03d7e6fb-191b-4745-b982-b49228f73520] Controller: User 69c6833d6a7053d56d8a4ea5 liking review 69c7fa27718dcb35b9076355","service":"course-service","timestamp":"2026-03-28T15:57:21.528Z"}
{"level":"info","message":"[03d7e6fb-191b-4745-b982-b49228f73520] Service: Review 69c7fa27718dcb35b9076355 liked. Total likes: 1","service":"course-service","timestamp":"2026-03-28T15:57:21.631Z"}
{"level":"info","message":"[211e18af-a4e0-4188-82fc-b95f49c499eb] Controller: User 69c6833d6a7053d56d8a4ea5 liking review 69c7fa27718dcb35b9076355","service":"course-service","timestamp":"2026-03-28T15:57:31.078Z"}
{"level":"info","message":"[211e18af-a4e0-4188-82fc-b95f49c499eb] Service: Review 69c7fa27718dcb35b9076355 liked. Total likes: 2","service":"course-service","timestamp":"2026-03-28T15:57:31.257Z"}
{"level":"info","message":"[922eea87-35f6-4a09-af65-b76d9b19e0c3] Controller: User 69c6833d6a7053d56d8a4ea5 liking review 69c7fa27718dcb35b9076355","service":"course-service","timestamp":"2026-03-28T15:57:33.513Z"}
{"level":"info","message":"[922eea87-35f6-4a09-af65-b76d9b19e0c3] Service: Review 69c7fa27718dcb35b9076355 liked. Total likes: 3","service":"course-service","timestamp":"2026-03-28T15:57:33.595Z"}
{"level":"info","message":"[f53470f7-7377-4923-9f6b-261603445d96] Controller: User 69c6833d6a7053d56d8a4ea5 liking review 69c7fa27718dcb35b9076355","service":"course-service","timestamp":"2026-03-28T15:57:34.496Z"}
{"level":"info","message":"[f53470f7-7377-4923-9f6b-261603445d96] Service: Review 69c7fa27718dcb35b9076355 liked. Total likes: 4","service":"course-service","timestamp":"2026-03-28T15:57:34.641Z"}
{"level":"info","message":"[2a6b1111-f048-4ebb-899a-1623d517d04a] Controller: User 69c6833d6a7053d56d8a4ea5 liking review 69c7fa27718dcb35b9076355","service":"course-service","timestamp":"2026-03-28T15:57:35.260Z"}
{"level":"info","message":"[2a6b1111-f048-4ebb-899a-1623d517d04a] Service: Review 69c7fa27718dcb35b9076355 liked. Total likes: 5","service":"course-service","timestamp":"2026-03-28T15:57:35.455Z"}
{"level":"info","message":"[a3ddc4b5-3313-409e-a350-b3194e2ba11c] Controller: User 69c6833d6a7053d56d8a4ea5 liking review 69c7fa27718dcb35b9076355","service":"course-service","timestamp":"2026-03-28T15:57:36.279Z"}
{"level":"info","message":"[a3ddc4b5-3313-409e-a350-b3194e2ba11c] Service: Review 69c7fa27718dcb35b9076355 liked. Total likes: 6","service":"course-service","timestamp":"2026-03-28T15:57:36.479Z"}
{"level":"info","message":"[474d7c08-0a0c-4fbc-a7ad-cc3c7e25b1be] Controller: Updating review 69c7fa27718dcb35b9076355 for User: 69c6833d6a7053d56d8a4ea5","service":"course-service","timestamp":"2026-03-28T15:58:00.868Z"}
{"level":"info","message":"[474d7c08-0a0c-4fbc-a7ad-cc3c7e25b1be] Internal: Course 69c793c6ac0488fe6c376c0d stats updated.","service":"course-service","timestamp":"2026-03-28T15:58:01.437Z"}
{"level":"info","message":"[474d7c08-0a0c-4fbc-a7ad-cc3c7e25b1be] Service: Review 69c7fa27718dcb35b9076355 updated and stats synced.","service":"course-service","timestamp":"2026-03-28T15:58:01.568Z"}
{"level":"info","message":"[d9f39ba6-d0ec-46fb-8fe7-0538a363d2bd] Controller: Fetching reviews for Course: 69c793c6ac0488fe6c376c0d","service":"course-service","timestamp":"2026-03-28T15:58:01.576Z"}
{"level":"info","message":"[d9f39ba6-d0ec-46fb-8fe7-0538a363d2bd] Service: Fetching reviews for Course: 69c793c6ac0488fe6c376c0d | Page: 1 | Sort: newest","service":"course-service","timestamp":"2026-03-28T15:58:01.577Z"}
{"level":"info","message":"[d9f39ba6-d0ec-46fb-8fe7-0538a363d2bd] Service: Successfully enriched 1 reviews with user data","service":"course-service","timestamp":"2026-03-28T15:58:01.775Z"}
{"level":"info","message":"[f03bd131-3bf2-485d-8612-4591f753c8ab] Controller: Fetching reviews for Course: 69c793c6ac0488fe6c376c0d","service":"course-service","timestamp":"2026-03-28T16:00:12.618Z"}
{"level":"info","message":"[f03bd131-3bf2-485d-8612-4591f753c8ab] Service: Fetching reviews for Course: 69c793c6ac0488fe6c376c0d | Page: 1 | Sort: newest","service":"course-service","timestamp":"2026-03-28T16:00:12.618Z"}
{"level":"info","message":"[f03bd131-3bf2-485d-8612-4591f753c8ab] Service: Successfully enriched 1 reviews with user data","service":"course-service","timestamp":"2026-03-28T16:00:12.846Z"}
{"level":"info","message":"[3fbd1d46-cfbc-4575-9b8e-1d20861f692e] Controller: Fetching reviews for Course: 69c793c6ac0488fe6c376c0d","service":"course-service","timestamp":"2026-03-28T16:00:24.617Z"}
{"level":"info","message":"[3fbd1d46-cfbc-4575-9b8e-1d20861f692e] Service: Fetching reviews for Course: 69c793c6ac0488fe6c376c0d | Page: 1 | Sort: newest","service":"course-service","timestamp":"2026-03-28T16:00:24.618Z"}
{"level":"info","message":"[3fbd1d46-cfbc-4575-9b8e-1d20861f692e] Service: Successfully enriched 1 reviews with user data","service":"course-service","timestamp":"2026-03-28T16:00:24.791Z"}
{"level":"info","message":"[34d37255-1ddf-486e-a4c4-2e7641e2947e] Controller: Fetching reviews for Course: 69c793c6ac0488fe6c376c0d","service":"course-service","timestamp":"2026-03-28T16:00:37.610Z"}
{"level":"info","message":"[34d37255-1ddf-486e-a4c4-2e7641e2947e] Service: Fetching reviews for Course: 69c793c6ac0488fe6c376c0d | Page: 1 | Sort: newest","service":"course-service","timestamp":"2026-03-28T16:00:37.610Z"}
{"level":"info","message":"[34d37255-1ddf-486e-a4c4-2e7641e2947e] Service: Successfully enriched 1 reviews with user data","service":"course-service","timestamp":"2026-03-28T16:00:37.840Z"}
{"level":"info","message":"[71cc4a9d-2ea6-495a-a56c-70ea3616b6ce] Controller: Fetching reviews for Course: 69c793c6ac0488fe6c376c0d","service":"course-service","timestamp":"2026-03-28T16:00:51.616Z"}
{"level":"info","message":"[71cc4a9d-2ea6-495a-a56c-70ea3616b6ce] Service: Fetching reviews for Course: 69c793c6ac0488fe6c376c0d | Page: 1 | Sort: newest","service":"course-service","timestamp":"2026-03-28T16:00:51.616Z"}
{"level":"info","message":"[71cc4a9d-2ea6-495a-a56c-70ea3616b6ce] Service: Successfully enriched 1 reviews with user data","service":"course-service","timestamp":"2026-03-28T16:00:51.759Z"}
{"level":"info","message":"[1a2d0164-b5e3-4357-a126-f0cef6a6b842] Controller: Fetching reviews for Course: 69c793c6ac0488fe6c376c0d","service":"course-service","timestamp":"2026-03-28T16:00:52.616Z"}
{"level":"info","message":"[1a2d0164-b5e3-4357-a126-f0cef6a6b842] Service: Fetching reviews for Course: 69c793c6ac0488fe6c376c0d | Page: 1 | Sort: newest","service":"course-service","timestamp":"2026-03-28T16:00:52.616Z"}
{"level":"info","message":"[1a2d0164-b5e3-4357-a126-f0cef6a6b842] Service: Successfully enriched 1 reviews with user data","service":"course-service","timestamp":"2026-03-28T16:00:52.885Z"}
{"level":"info","message":"[2fc6c3cf-d805-4e4d-836e-91769f23c79e] Controller: Fetching reviews for Course: 69c793c6ac0488fe6c376c0d","service":"course-service","timestamp":"2026-03-28T16:01:14.626Z"}
{"level":"info","message":"[2fc6c3cf-d805-4e4d-836e-91769f23c79e] Service: Fetching reviews for Course: 69c793c6ac0488fe6c376c0d | Page: 1 | Sort: newest","service":"course-service","timestamp":"2026-03-28T16:01:14.626Z"}
{"level":"info","message":"[2fc6c3cf-d805-4e4d-836e-91769f23c79e] Service: Successfully enriched 1 reviews with user data","service":"course-service","timestamp":"2026-03-28T16:01:14.764Z"}
{"level":"info","message":"[def6e7e0-907f-4157-b471-854752477e09] Controller: Fetching reviews for Course: 69c793c6ac0488fe6c376c0d","service":"course-service","timestamp":"2026-03-28T16:01:42.659Z"}
{"level":"info","message":"[def6e7e0-907f-4157-b471-854752477e09] Service: Fetching reviews for Course: 69c793c6ac0488fe6c376c0d | Page: 1 | Sort: newest","service":"course-service","timestamp":"2026-03-28T16:01:42.659Z"}
{"level":"info","message":"[8d204bb4-69fd-43b4-b741-e9659e30d4f9] Controller: Fetching Course Intro for Course: 69c793c6ac0488fe6c376c0d","service":"course-service","timestamp":"2026-03-28T16:01:42.662Z"}
{"level":"info","message":"[72152909-715b-4537-83d4-60d4cc09e2bc] Service: Fetching all chapters for Course: 69c793c6ac0488fe6c376c0d","service":"course-service","timestamp":"2026-03-28T16:01:42.664Z"}
{"level":"info","message":"[CategoriesFetched] RID: 396c4e2d-ec72-4741-beab-133d43e3bd71 - Count: 5","service":"course-service","timestamp":"2026-03-28T16:01:42.810Z"}
{"level":"info","message":"[38f99eda-a6c4-44b2-b65b-38e0c2c3e029] Controller: Fetching Course Intro for Course: 69c793c6ac0488fe6c376c0d","service":"course-service","timestamp":"2026-03-28T16:01:42.819Z"}
{"level":"info","message":"[02b8e113-d7fc-4c0b-84b0-1713df1dbc06] Service: Fetching all chapters for Course: 69c793c6ac0488fe6c376c0d","service":"course-service","timestamp":"2026-03-28T16:01:42.821Z"}
{"level":"info","message":"[CategoriesFetched] RID: 7127aee3-2f87-4ffb-8fa0-f7b7abe706bf - Count: 5","service":"course-service","timestamp":"2026-03-28T16:01:42.957Z"}
{"level":"info","message":"[def6e7e0-907f-4157-b471-854752477e09] Service: Successfully enriched 1 reviews with user data","service":"course-service","timestamp":"2026-03-28T16:01:42.960Z"}
{"level":"info","message":"[a1898a8b-c323-4f73-a860-8e68d2ddcbf3] Controller: Fetching reviews for Course: 69c793c6ac0488fe6c376c0d","service":"course-service","timestamp":"2026-03-28T16:01:42.966Z"}
{"level":"info","message":"[a1898a8b-c323-4f73-a860-8e68d2ddcbf3] Service: Fetching reviews for Course: 69c793c6ac0488fe6c376c0d | Page: 1 | Sort: newest","service":"course-service","timestamp":"2026-03-28T16:01:42.966Z"}
{"level":"info","message":"[a1898a8b-c323-4f73-a860-8e68d2ddcbf3] Service: Successfully enriched 1 reviews with user data","service":"course-service","timestamp":"2026-03-28T16:01:43.128Z"}
{"level":"info","message":"[059b391d-1fb1-4d4a-b955-8d9c02e23ff2] Controller: Fetching reviews for Course: 69c793c6ac0488fe6c376c0d","service":"course-service","timestamp":"2026-03-28T16:01:45.612Z"}
{"level":"info","message":"[059b391d-1fb1-4d4a-b955-8d9c02e23ff2] Service: Fetching reviews for Course: 69c793c6ac0488fe6c376c0d | Page: 1 | Sort: newest","service":"course-service","timestamp":"2026-03-28T16:01:45.613Z"}
{"level":"info","message":"[059b391d-1fb1-4d4a-b955-8d9c02e23ff2] Service: Successfully enriched 1 reviews with user data","service":"course-service","timestamp":"2026-03-28T16:01:46.028Z"}
{"level":"info","message":"[58dab89b-21c0-443b-82b9-416c75b30a26] Controller: Fetching reviews for Course: 69c793c6ac0488fe6c376c0d","service":"course-service","timestamp":"2026-03-28T16:02:15.614Z"}
{"level":"info","message":"[58dab89b-21c0-443b-82b9-416c75b30a26] Service: Fetching reviews for Course: 69c793c6ac0488fe6c376c0d | Page: 1 | Sort: newest","service":"course-service","timestamp":"2026-03-28T16:02:15.614Z"}
{"level":"info","message":"[58dab89b-21c0-443b-82b9-416c75b30a26] Service: Successfully enriched 1 reviews with user data","service":"course-service","timestamp":"2026-03-28T16:02:15.767Z"}
{"level":"info","message":"[0e1c7a0f-8758-4d1f-a73f-e0231dd501d3] Controller: Fetching reviews for Course: 69c793c6ac0488fe6c376c0d","service":"course-service","timestamp":"2026-03-28T16:02:35.614Z"}
{"level":"info","message":"[0e1c7a0f-8758-4d1f-a73f-e0231dd501d3] Service: Fetching reviews for Course: 69c793c6ac0488fe6c376c0d | Page: 1 | Sort: newest","service":"course-service","timestamp":"2026-03-28T16:02:35.615Z"}
{"level":"info","message":"[0e1c7a0f-8758-4d1f-a73f-e0231dd501d3] Service: Successfully enriched 1 reviews with user data","service":"course-service","timestamp":"2026-03-28T16:02:35.786Z"}
{"level":"info","message":"[754531b1-f12b-4857-8431-d54daba91d05] Controller: Fetching reviews for Course: 69c793c6ac0488fe6c376c0d","service":"course-service","timestamp":"2026-03-28T16:02:38.610Z"}
{"level":"info","message":"[754531b1-f12b-4857-8431-d54daba91d05] Service: Fetching reviews for Course: 69c793c6ac0488fe6c376c0d | Page: 1 | Sort: newest","service":"course-service","timestamp":"2026-03-28T16:02:38.611Z"}
{"level":"info","message":"[754531b1-f12b-4857-8431-d54daba91d05] Service: Successfully enriched 1 reviews with user data","service":"course-service","timestamp":"2026-03-28T16:02:38.868Z"}
{"level":"info","message":"[a37b6c5f-988c-4118-b2cf-ba10a944c7c8] Controller: Fetching reviews for Course: 69c793c6ac0488fe6c376c0d","service":"course-service","timestamp":"2026-03-28T16:02:45.611Z"}
{"level":"info","message":"[a37b6c5f-988c-4118-b2cf-ba10a944c7c8] Service: Fetching reviews for Course: 69c793c6ac0488fe6c376c0d | Page: 1 | Sort: newest","service":"course-service","timestamp":"2026-03-28T16:02:45.612Z"}
{"level":"info","message":"[a37b6c5f-988c-4118-b2cf-ba10a944c7c8] Service: Successfully enriched 1 reviews with user data","service":"course-service","timestamp":"2026-03-28T16:02:45.799Z"}
{"level":"info","message":"[57615460-3905-4f4a-bc37-3ced5cd11168] Controller: Fetching reviews for Course: 69c793c6ac0488fe6c376c0d","service":"course-service","timestamp":"2026-03-28T16:02:57.451Z"}
{"level":"info","message":"[57615460-3905-4f4a-bc37-3ced5cd11168] Service: Fetching reviews for Course: 69c793c6ac0488fe6c376c0d | Page: 1 | Sort: newest","service":"course-service","timestamp":"2026-03-28T16:02:57.452Z"}
{"level":"info","message":"[57615460-3905-4f4a-bc37-3ced5cd11168] Service: Successfully enriched 1 reviews with user data","service":"course-service","timestamp":"2026-03-28T16:02:57.678Z"}
{"level":"info","message":"[6f07b03c-84ae-4c35-b86e-48693f9d561a] Controller: Updating review 69c7fa27718dcb35b9076355 for User: 69c6833d6a7053d56d8a4ea5","service":"course-service","timestamp":"2026-03-28T16:06:32.631Z"}
{"level":"info","message":"[6f07b03c-84ae-4c35-b86e-48693f9d561a] Internal: Course 69c793c6ac0488fe6c376c0d stats updated.","service":"course-service","timestamp":"2026-03-28T16:06:33.058Z"}
{"level":"info","message":"[6f07b03c-84ae-4c35-b86e-48693f9d561a] Service: Review 69c7fa27718dcb35b9076355 updated and stats synced.","service":"course-service","timestamp":"2026-03-28T16:06:33.125Z"}
{"level":"info","message":"[d4fcf135-ab35-4a1c-9458-c6f2011237bf] Controller: Fetching reviews for Course: 69c793c6ac0488fe6c376c0d","service":"course-service","timestamp":"2026-03-28T16:06:33.133Z"}
{"level":"info","message":"[d4fcf135-ab35-4a1c-9458-c6f2011237bf] Service: Fetching reviews for Course: 69c793c6ac0488fe6c376c0d | Page: 1 | Sort: newest","service":"course-service","timestamp":"2026-03-28T16:06:33.133Z"}
{"level":"info","message":"[d4fcf135-ab35-4a1c-9458-c6f2011237bf] Service: Successfully enriched 1 reviews with user data","service":"course-service","timestamp":"2026-03-28T16:06:33.365Z"}
{"level":"info","message":"[CategoriesFetched] RID: 22cc35c8-6c63-4cb0-9190-55fcde9989bf - Count: 5","service":"course-service","timestamp":"2026-03-28T16:07:15.170Z"}
{"level":"info","message":"[AllCoursesFetched] RID: fe958ee1-844c-49e5-b194-c33c86e702e9 - Count: 4","service":"course-service","timestamp":"2026-03-28T16:07:15.250Z"}
{"level":"info","message":"[CategoriesFetched] RID: c1c371c0-4782-43bb-a85c-1ed3678bc144 - Count: 5","service":"course-service","timestamp":"2026-03-28T16:07:15.259Z"}
{"level":"info","message":"[AllCoursesFetched] RID: 27d8318e-16c4-4d67-b8d1-4678c692263e - Count: 4","service":"course-service","timestamp":"2026-03-28T16:07:15.553Z"}
{"level":"info","message":"[85b3dc62-e9d2-4c71-89ba-1b716b424d0e] Controller: Fetching reviews for Course: 69c79369ac0488fe6c376c09","service":"course-service","timestamp":"2026-03-28T16:07:17.691Z"}
{"level":"info","message":"[85b3dc62-e9d2-4c71-89ba-1b716b424d0e] Service: Fetching reviews for Course: 69c79369ac0488fe6c376c09 | Page: 1 | Sort: newest","service":"course-service","timestamp":"2026-03-28T16:07:17.692Z"}
{"level":"info","message":"[1b9751bf-7e1a-4be1-86a6-67bfd64d16d8] Controller: Fetching Course Intro for Course: 69c79369ac0488fe6c376c09","service":"course-service","timestamp":"2026-03-28T16:07:17.695Z"}
{"level":"info","message":"[b92ab89b-b94d-4a6f-a62f-a5cec1555c4b] Service: Fetching all chapters for Course: 69c79369ac0488fe6c376c09","service":"course-service","timestamp":"2026-03-28T16:07:17.698Z"}
{"level":"info","message":"[3cf8d7fa-18e5-44d3-b0af-8284a834121c] Controller: Fetching Course Intro for Course: 69c79369ac0488fe6c376c09","service":"course-service","timestamp":"2026-03-28T16:07:17.816Z"}
{"level":"info","message":"[cadb1bbe-e307-48ce-b8f3-963ef40ca45b] Service: Fetching all chapters for Course: 69c79369ac0488fe6c376c09","service":"course-service","timestamp":"2026-03-28T16:07:17.818Z"}
{"level":"info","message":"[04436185-197f-487f-8a2c-685c6faea6d1] Controller: Fetching reviews for Course: 69c79369ac0488fe6c376c09","service":"course-service","timestamp":"2026-03-28T16:07:17.821Z"}
{"level":"info","message":"[04436185-197f-487f-8a2c-685c6faea6d1] Service: Fetching reviews for Course: 69c79369ac0488fe6c376c09 | Page: 1 | Sort: newest","service":"course-service","timestamp":"2026-03-28T16:07:17.822Z"}
{"level":"info","message":"[CategoriesFetched] RID: 0f768550-6fb0-469d-9277-0c1b1caeb996 - Count: 5","service":"course-service","timestamp":"2026-03-28T16:07:28.457Z"}
{"level":"info","message":"[AllCoursesFetched] RID: f79531c4-c76a-4cf8-a751-84f40f82d7b6 - Count: 4","service":"course-service","timestamp":"2026-03-28T16:07:28.528Z"}
{"level":"info","message":"[CategoriesFetched] RID: c069cf3c-f07b-458a-a0ee-c32cd9243ddb - Count: 5","service":"course-service","timestamp":"2026-03-28T16:07:28.549Z"}
{"level":"info","message":"[AllCoursesFetched] RID: 591a5885-4dce-42f0-8e8a-35e1bdd52f72 - Count: 4","service":"course-service","timestamp":"2026-03-28T16:07:28.676Z"}
{"level":"info","message":"[ad2a7f9c-ec29-4745-ada4-2479b424f31a] Controller: Fetching reviews for Course: 69c79314ac0488fe6c376c05","service":"course-service","timestamp":"2026-03-28T16:07:36.665Z"}
{"level":"info","message":"[ad2a7f9c-ec29-4745-ada4-2479b424f31a] Service: Fetching reviews for Course: 69c79314ac0488fe6c376c05 | Page: 1 | Sort: newest","service":"course-service","timestamp":"2026-03-28T16:07:36.665Z"}
{"level":"info","message":"[5a082994-f29d-45ae-8432-70f30f99ee88] Controller: Fetching Course Intro for Course: 69c79314ac0488fe6c376c05","service":"course-service","timestamp":"2026-03-28T16:07:36.667Z"}
{"level":"info","message":"[26f3a811-b577-43ea-b715-34ef450e2cc7] Service: Fetching all chapters for Course: 69c79314ac0488fe6c376c05","service":"course-service","timestamp":"2026-03-28T16:07:36.671Z"}
{"level":"info","message":"[fe64d40f-8e18-4bbb-88bb-45ed5fb4d13e] Controller: Fetching reviews for Course: 69c79314ac0488fe6c376c05","service":"course-service","timestamp":"2026-03-28T16:07:36.862Z"}
{"level":"info","message":"[fe64d40f-8e18-4bbb-88bb-45ed5fb4d13e] Service: Fetching reviews for Course: 69c79314ac0488fe6c376c05 | Page: 1 | Sort: newest","service":"course-service","timestamp":"2026-03-28T16:07:36.862Z"}
{"level":"info","message":"[ff7befe7-b167-4677-b5e8-9b60d828f979] Controller: Fetching Course Intro for Course: 69c79314ac0488fe6c376c05","service":"course-service","timestamp":"2026-03-28T16:07:36.865Z"}
{"level":"info","message":"[5427d8c8-47a3-4553-abb5-1fa09a289cdd] Service: Fetching all chapters for Course: 69c79314ac0488fe6c376c05","service":"course-service","timestamp":"2026-03-28T16:07:36.867Z"}
{"level":"info","message":"[CategoriesFetched] RID: 727b3068-129d-473a-97c4-45ce41916adb - Count: 5","service":"course-service","timestamp":"2026-03-28T16:07:42.383Z"}
{"level":"info","message":"[AllCoursesFetched] RID: 150add34-0d53-468c-8092-aaa086686875 - Count: 4","service":"course-service","timestamp":"2026-03-28T16:07:42.483Z"}
{"level":"info","message":"[CategoriesFetched] RID: 7d487172-b15e-45da-936c-36ef67d8c4ce - Count: 5","service":"course-service","timestamp":"2026-03-28T16:07:42.485Z"}
{"level":"info","message":"[AllCoursesFetched] RID: 377c257a-9c81-48c7-8f78-4edefbef44b1 - Count: 4","service":"course-service","timestamp":"2026-03-28T16:07:42.642Z"}
{"level":"info","message":"[11954fe2-1966-4501-8484-2aea3f0770c9] Controller: Fetching reviews for Course: 69c792caac0488fe6c376c01","service":"course-service","timestamp":"2026-03-28T16:07:44.120Z"}
{"level":"info","message":"[11954fe2-1966-4501-8484-2aea3f0770c9] Service: Fetching reviews for Course: 69c792caac0488fe6c376c01 | Page: 1 | Sort: newest","service":"course-service","timestamp":"2026-03-28T16:07:44.120Z"}
{"level":"info","message":"[9a95d227-da4e-44b6-b588-44db1ac3e945] Controller: Fetching Course Intro for Course: 69c792caac0488fe6c376c01","service":"course-service","timestamp":"2026-03-28T16:07:44.123Z"}
{"level":"info","message":"[ebfaf7ae-8ae1-4091-8088-ee993ebf0dff] Service: Fetching all chapters for Course: 69c792caac0488fe6c376c01","service":"course-service","timestamp":"2026-03-28T16:07:44.127Z"}
{"level":"info","message":"[9f57b441-9a60-4076-91ef-6bb336b7ae83] Controller: Fetching Course Intro for Course: 69c792caac0488fe6c376c01","service":"course-service","timestamp":"2026-03-28T16:07:44.201Z"}
{"level":"info","message":"[24b72fde-1adb-4686-be21-3ccec760fc67] Service: Fetching all chapters for Course: 69c792caac0488fe6c376c01","service":"course-service","timestamp":"2026-03-28T16:07:44.204Z"}
{"level":"info","message":"[1038e457-14d7-4692-8359-5127d9c8cb83] Controller: Fetching reviews for Course: 69c792caac0488fe6c376c01","service":"course-service","timestamp":"2026-03-28T16:07:44.206Z"}
{"level":"info","message":"[1038e457-14d7-4692-8359-5127d9c8cb83] Service: Fetching reviews for Course: 69c792caac0488fe6c376c01 | Page: 1 | Sort: newest","service":"course-service","timestamp":"2026-03-28T16:07:44.207Z"}
{"level":"info","message":"[CategoriesFetched] RID: 1a78866c-760c-4cc5-b568-4f38b5e75de8 - Count: 5","service":"course-service","timestamp":"2026-03-28T16:07:50.090Z"}
{"level":"info","message":"[CategoriesFetched] RID: c13ec3c9-bf4e-4f67-85ba-bc38d9f2bd37 - Count: 5","service":"course-service","timestamp":"2026-03-28T16:07:50.267Z"}
{"level":"info","message":"[AllCoursesFetched] RID: 7221eb93-c3ee-48e7-9f1c-f6d1c01f45ba - Count: 4","service":"course-service","timestamp":"2026-03-28T16:07:50.269Z"}
{"level":"info","message":"[AllCoursesFetched] RID: 627ac397-34a9-444b-a387-7f0a7896f552 - Count: 4","service":"course-service","timestamp":"2026-03-28T16:07:50.433Z"}
{"level":"info","message":"[AllCoursesFetched] RID: 2468fb78-3760-40e5-8f34-32df94555273 - Count: 2","service":"course-service","timestamp":"2026-03-28T16:07:56.821Z"}
{"errorCode":"INTERNAL_ERROR","ip":"::1","level":"error","message":"Authentication required. Please login.","method":"GET","path":"/api/v1/chapter/course/69c79314ac0488fe6c376c05","requestId":"16a9f202-eb4d-4fc7-9fae-1526c5b627b3","service":"course-service","stack":"Error: Authentication required. Please login.\n    at file:///C:/all-desktop-project/xynapse-mono-repo/packages/common/src/middleware/auth.js:12:11\n    at file:///C:/all-desktop-project/xynapse-mono-repo/packages/common/src/middleware/CatchAsyncError.js:3:21\n    at Layer.handle [as handle_request] (C:\\all-desktop-project\\xynapse-mono-repo\\node_modules\\express\\lib\\router\\layer.js:95:5)\n    at next (C:\\all-desktop-project\\xynapse-mono-repo\\node_modules\\express\\lib\\router\\route.js:149:13)\n    at attachRequestId (file:///C:/all-desktop-project/xynapse-mono-repo/packages/common/src/middleware/requestId.js:11:3)\n    at Layer.handle [as handle_request] (C:\\all-desktop-project\\xynapse-mono-repo\\node_modules\\express\\lib\\router\\layer.js:95:5)\n    at next (C:\\all-desktop-project\\xynapse-mono-repo\\node_modules\\express\\lib\\router\\route.js:149:13)\n    at Route.dispatch (C:\\all-desktop-project\\xynapse-mono-repo\\node_modules\\express\\lib\\router\\route.js:119:3)\n    at Layer.handle [as handle_request] (C:\\all-desktop-project\\xynapse-mono-repo\\node_modules\\express\\lib\\router\\layer.js:95:5)\n    at C:\\all-desktop-project\\xynapse-mono-repo\\node_modules\\express\\lib\\router\\index.js:284:15","statusCode":401,"timestamp":"2026-03-28T16:17:08.824Z"}
{"level":"info","message":"[da6dd471-5caa-499b-a5b6-0c583e58ad6e] Service: Fetching all chapters for Course: 69c79314ac0488fe6c376c05","service":"course-service","timestamp":"2026-03-28T16:17:22.791Z"}
{"level":"info","message":"[bbfaa1f4-1384-450a-b501-dabb8954a603] Controller: Request to create content: Understanding AWS Regions and Availability Zones","service":"course-service","timestamp":"2026-03-28T16:21:56.180Z"}
{"level":"info","message":"[bbfaa1f4-1384-450a-b501-dabb8954a603] Service: Validating Chapter: 69c7e03a838d47af1a10cbcc for Course: 69c79314ac0488fe6c376c05","service":"course-service","timestamp":"2026-03-28T16:21:56.181Z"}
{"level":"info","message":"[8d331da6-848b-4d7f-a5b8-8a25bfa4c51e] Service: Fetching all chapters for Course: 69c792caac0488fe6c376c01","service":"course-service","timestamp":"2026-03-28T16:22:56.083Z"}
{"level":"info","message":"[6ac521d7-69a9-406e-acc6-a1dddd2edc89] Controller: Request to create content: Introduction to Containerization vs Virtualization","service":"course-service","timestamp":"2026-03-28T16:24:40.878Z"}
{"level":"info","message":"[6ac521d7-69a9-406e-acc6-a1dddd2edc89] Service: Validating Chapter: 69c7e077dd690ea89c86bf4a for Course: 69c792caac0488fe6c376c01","service":"course-service","timestamp":"2026-03-28T16:24:40.879Z"}
{"level":"info","message":"[89e22ebe-5a9d-41de-9d99-f42227e5988e] Controller: Fetching reviews for Course: 69c79314ac0488fe6c376c05","service":"course-service","timestamp":"2026-03-28T16:44:10.592Z"}
{"level":"info","message":"[89e22ebe-5a9d-41de-9d99-f42227e5988e] Service: Fetching reviews for Course: 69c79314ac0488fe6c376c05 | Page: 1 | Sort: newest","service":"course-service","timestamp":"2026-03-28T16:44:10.592Z"}
{"level":"info","message":"[b51976d8-9256-4055-9740-081b869101bf] Controller: Fetching Course Intro for Course: 69c79314ac0488fe6c376c05","service":"course-service","timestamp":"2026-03-28T16:44:10.598Z"}
{"level":"info","message":"[be28ac20-ac47-4a97-9f84-b7c3f3724225] Service: Fetching all chapters for Course: 69c79314ac0488fe6c376c05","service":"course-service","timestamp":"2026-03-28T16:44:10.603Z"}
{"level":"info","message":"[fdca89c1-5e91-428c-8cfb-1c919f98f8a8] Controller: Fetching reviews for Course: 69c79314ac0488fe6c376c05","service":"course-service","timestamp":"2026-03-28T16:44:10.685Z"}
{"level":"info","message":"[fdca89c1-5e91-428c-8cfb-1c919f98f8a8] Service: Fetching reviews for Course: 69c79314ac0488fe6c376c05 | Page: 1 | Sort: newest","service":"course-service","timestamp":"2026-03-28T16:44:10.686Z"}
{"level":"info","message":"[50f254db-b8eb-4dbf-9c97-eb3c96f85c9f] Service: Fetching all chapters for Course: 69c79314ac0488fe6c376c05","service":"course-service","timestamp":"2026-03-28T16:44:10.690Z"}
{"level":"info","message":"[d1944095-1b09-405b-8463-4289ac5b19c6] Controller: Fetching Course Intro for Course: 69c79314ac0488fe6c376c05","service":"course-service","timestamp":"2026-03-28T16:44:10.694Z"}
{"level":"info","message":"[a3d89481-55d2-4527-96b3-680adf38248e] Service: Fetching contents for Chapter: 69c7e03a838d47af1a10cbcc","service":"course-service","timestamp":"2026-03-28T16:44:12.970Z"}
{"level":"info","message":"[0ba2cad2-e6ab-4139-adbb-30034ccf13e6] Controller: Fetching reviews for Course: 69c79314ac0488fe6c376c05","service":"course-service","timestamp":"2026-03-28T16:44:24.179Z"}
{"level":"info","message":"[0ba2cad2-e6ab-4139-adbb-30034ccf13e6] Service: Fetching reviews for Course: 69c79314ac0488fe6c376c05 | Page: 1 | Sort: newest","service":"course-service","timestamp":"2026-03-28T16:44:24.180Z"}
{"level":"info","message":"[a8c8a526-04f4-4840-8d4f-377a80bc6f86] Controller: Fetching Course Intro for Course: 69c79314ac0488fe6c376c05","service":"course-service","timestamp":"2026-03-28T16:44:24.182Z"}
{"level":"info","message":"[4d9d8842-fabb-412a-bafc-60e6b66ee869] Service: Fetching all chapters for Course: 69c79314ac0488fe6c376c05","service":"course-service","timestamp":"2026-03-28T16:44:24.186Z"}
{"level":"info","message":"[a2108507-110a-4275-b6ac-8441b46305d2] Controller: Fetching reviews for Course: 69c79314ac0488fe6c376c05","service":"course-service","timestamp":"2026-03-28T16:44:24.284Z"}
{"level":"info","message":"[a2108507-110a-4275-b6ac-8441b46305d2] Service: Fetching reviews for Course: 69c79314ac0488fe6c376c05 | Page: 1 | Sort: newest","service":"course-service","timestamp":"2026-03-28T16:44:24.285Z"}
{"level":"info","message":"[89d1b59f-121c-4237-81d6-798f4c8c1ca8] Service: Fetching all chapters for Course: 69c79314ac0488fe6c376c05","service":"course-service","timestamp":"2026-03-28T16:44:24.290Z"}
{"level":"info","message":"[d656e97f-8a1e-415f-ba7e-917c0e335e9c] Controller: Fetching Course Intro for Course: 69c79314ac0488fe6c376c05","service":"course-service","timestamp":"2026-03-28T16:44:24.292Z"}
{"level":"info","message":"[7936e854-c2d3-4419-833b-47257894f628] Service: Fetching contents for Chapter: 69c7e03a838d47af1a10cbcc","service":"course-service","timestamp":"2026-03-28T16:44:27.706Z"}
{"level":"info","message":"[2dcacc7c-7126-4328-87bf-6ee3cf14049f] Service: Fetching contents for Chapter: 69c7e03a838d47af1a10cbcc","service":"course-service","timestamp":"2026-03-28T16:46:50.643Z"}
{"level":"info","message":"[CategoriesFetched] RID: a22d6cf2-9f09-4532-a7aa-848a3cebaa8c - Count: 5","service":"course-service","timestamp":"2026-03-28T16:51:28.517Z"}
{"level":"info","message":"[CategoriesFetched] RID: 2298d8d2-ba9f-4e55-8c63-1f539e10cecf - Count: 5","service":"course-service","timestamp":"2026-03-28T16:51:28.643Z"}
{"level":"info","message":"[CategoriesFetched] RID: a8fd5315-1ac2-4e7e-a966-3907e3590876 - Count: 5","service":"course-service","timestamp":"2026-03-28T16:51:42.877Z"}
{"level":"info","message":"[CategoriesFetched] RID: 5ebb95dc-5c27-49a7-9340-48c3988a3216 - Count: 5","service":"course-service","timestamp":"2026-03-28T16:51:42.980Z"}
{"level":"info","message":"[9b13ac28-a5d7-4f45-abc2-e8f33c274cd5] Controller: Fetching reviews for Course: 69c79314ac0488fe6c376c05","service":"course-service","timestamp":"2026-03-28T16:51:44.443Z"}
{"level":"info","message":"[9b13ac28-a5d7-4f45-abc2-e8f33c274cd5] Service: Fetching reviews for Course: 69c79314ac0488fe6c376c05 | Page: 1 | Sort: newest","service":"course-service","timestamp":"2026-03-28T16:51:44.444Z"}
{"level":"info","message":"[51469583-a8e3-4c8d-8e17-ce4ac85326e2] Controller: Fetching Course Intro for Course: 69c79314ac0488fe6c376c05","service":"course-service","timestamp":"2026-03-28T16:51:44.447Z"}
{"level":"info","message":"[8be2ef49-3bff-4960-ac47-81fed19b5e6a] Service: Fetching all chapters for Course: 69c79314ac0488fe6c376c05","service":"course-service","timestamp":"2026-03-28T16:51:44.451Z"}
{"level":"info","message":"[de708b04-69e2-422a-af52-ff5c37f05f8b] Controller: Fetching reviews for Course: 69c79314ac0488fe6c376c05","service":"course-service","timestamp":"2026-03-28T16:51:44.627Z"}
{"level":"info","message":"[de708b04-69e2-422a-af52-ff5c37f05f8b] Service: Fetching reviews for Course: 69c79314ac0488fe6c376c05 | Page: 1 | Sort: newest","service":"course-service","timestamp":"2026-03-28T16:51:44.628Z"}
{"level":"info","message":"[3ebd79db-13df-42aa-89a1-be72d304c19a] Service: Fetching all chapters for Course: 69c79314ac0488fe6c376c05","service":"course-service","timestamp":"2026-03-28T16:51:44.631Z"}
{"level":"info","message":"[b107e8a5-760c-4116-8ee4-97047566b932] Controller: Fetching Course Intro for Course: 69c79314ac0488fe6c376c05","service":"course-service","timestamp":"2026-03-28T16:51:44.634Z"}
{"level":"info","message":"[ffe9df2e-30bb-454a-b12a-1d827faedbf5] Service: Fetching contents for Chapter: 69c7e03a838d47af1a10cbcc","service":"course-service","timestamp":"2026-03-28T16:51:46.814Z"}
{"level":"info","message":"[CategoriesFetched] RID: 53903305-c4c7-4955-93a9-467a85436c51 - Count: 5","service":"course-service","timestamp":"2026-03-28T16:51:59.362Z"}
{"level":"info","message":"[CategoriesFetched] RID: f86ff3c5-381a-44af-83bd-cde15b3d72df - Count: 5","service":"course-service","timestamp":"2026-03-28T16:51:59.440Z"}
{"level":"info","message":"[CategoriesFetched] RID: 64c137f6-6101-47bc-804c-bbfa3015af15 - Count: 5","service":"course-service","timestamp":"2026-03-28T16:52:21.172Z"}
{"level":"info","message":"[CategoriesFetched] RID: 5bf2f77a-b3d5-4b8b-a5ba-f70204743d32 - Count: 5","service":"course-service","timestamp":"2026-03-28T16:52:21.276Z"}
{"level":"info","message":"[ae0a98de-a96d-48d1-a85e-ed884de22313] Service: Fetching all chapters for Course: 69c79314ac0488fe6c376c05","service":"course-service","timestamp":"2026-03-28T16:53:36.624Z"}
{"level":"info","message":"[0b10cbdb-b3e4-4f32-bde9-f60625c6ca33] Service: Fetching detailed content for ID: 69c80024f8c24f9d7104b3a5","service":"course-service","timestamp":"2026-03-28T16:53:36.626Z"}
{"level":"info","message":"[088ed7d5-8936-4090-916c-b12055d2fd34] Service: Fetching all chapters for Course: 69c79314ac0488fe6c376c05","service":"course-service","timestamp":"2026-03-28T16:53:52.620Z"}
{"level":"info","message":"[24910e7c-b838-40af-b2b1-d39d94b7893b] Service: Fetching detailed content for ID: 69c80024f8c24f9d7104b3a5","service":"course-service","timestamp":"2026-03-28T16:53:52.622Z"}
{"level":"info","message":"[9a8b488b-dc98-4c4b-8c8e-3ce87597f928] Service: Fetching all chapters for Course: 69c79314ac0488fe6c376c05","service":"course-service","timestamp":"2026-03-28T16:54:01.612Z"}
{"level":"info","message":"[c7b3c02d-f9e7-45d7-9dee-03be28b67e95] Service: Fetching detailed content for ID: 69c80024f8c24f9d7104b3a5","service":"course-service","timestamp":"2026-03-28T16:54:01.614Z"}
{"level":"info","message":"[9d75e480-681f-42af-a4e7-9061c8619ea6] Service: Fetching all chapters for Course: 69c79314ac0488fe6c376c05","service":"course-service","timestamp":"2026-03-28T16:56:17.606Z"}
{"level":"info","message":"[96f41c33-28df-4f9e-af70-0c229d629562] Service: Fetching detailed content for ID: 69c80024f8c24f9d7104b3a5","service":"course-service","timestamp":"2026-03-28T16:56:17.609Z"}
{"level":"info","message":"[d897a90f-e3dc-4c2e-b477-8adf5e3470fd] Service: Fetching all chapters for Course: 69c79314ac0488fe6c376c05","service":"course-service","timestamp":"2026-03-28T16:57:10.788Z"}
{"level":"info","message":"[6dcf7891-425e-41ba-a6ae-516531c10d0f] Service: Fetching detailed content for ID: 69c80024f8c24f9d7104b3a5","service":"course-service","timestamp":"2026-03-28T16:57:10.793Z"}
{"level":"info","message":"[CategoriesFetched] RID: 96382b68-6bbb-4229-bc21-75976ffcc89b - Count: 5","service":"course-service","timestamp":"2026-03-28T16:57:10.928Z"}
{"level":"info","message":"[f97b1ea7-c3cf-4f1b-b79d-24ec88ac715f] Service: Fetching all chapters for Course: 69c79314ac0488fe6c376c05","service":"course-service","timestamp":"2026-03-28T16:57:10.946Z"}
{"level":"info","message":"[67f6114c-e4b1-4ed1-a2b5-f5061ec2d6ce] Service: Fetching detailed content for ID: 69c80024f8c24f9d7104b3a5","service":"course-service","timestamp":"2026-03-28T16:57:10.950Z"}
{"level":"info","message":"[CategoriesFetched] RID: 537cf34d-1e49-4082-a35c-419bc9768685 - Count: 5","service":"course-service","timestamp":"2026-03-28T16:57:11.099Z"}
{"level":"info","message":"[6bd5bd75-72e0-4890-8b4e-2744d517a3e6] Service: Fetching all chapters for Course: 69c79314ac0488fe6c376c05","service":"course-service","timestamp":"2026-03-28T17:03:33.240Z"}
{"level":"info","message":"[2df2e037-eba8-45c5-8132-3b7ceee2ac93] Service: Fetching detailed content for ID: 69c80024f8c24f9d7104b3a5","service":"course-service","timestamp":"2026-03-28T17:03:33.242Z"}
{"level":"info","message":"[CategoriesFetched] RID: 420147f4-30eb-4225-ae4f-7c7cf704ee98 - Count: 5","service":"course-service","timestamp":"2026-03-28T17:03:33.326Z"}
{"level":"info","message":"[eee3a859-8ba5-496c-bc81-c25d6564d9d6] Service: Fetching detailed content for ID: 69c80024f8c24f9d7104b3a5","service":"course-service","timestamp":"2026-03-28T17:03:33.334Z"}
{"level":"info","message":"[001c1e1a-f48e-4df4-b22c-9835f418e8cf] Service: Fetching all chapters for Course: 69c79314ac0488fe6c376c05","service":"course-service","timestamp":"2026-03-28T17:03:33.342Z"}
{"level":"info","message":"[CategoriesFetched] RID: 27fd75f7-7642-4641-9ba1-0f883a6debcc - Count: 5","service":"course-service","timestamp":"2026-03-28T17:03:33.431Z"}
{"level":"info","message":"[bf92c22b-e720-4f11-bc7f-ba44759a4215] Service: Fetching all chapters for Course: 69c79314ac0488fe6c376c05","service":"course-service","timestamp":"2026-03-28T17:03:34.691Z"}
{"level":"info","message":"[d0f534e4-8b1e-401c-ba52-9ea6701d1516] Service: Fetching detailed content for ID: 69c80024f8c24f9d7104b3a5","service":"course-service","timestamp":"2026-03-28T17:03:34.693Z"}
{"level":"info","message":"[CategoriesFetched] RID: da9a1a9e-1ea6-4323-9a03-c6faecf7300d - Count: 5","service":"course-service","timestamp":"2026-03-28T17:03:34.795Z"}
{"level":"info","message":"[7e46b14b-4c0d-4d22-8fa3-215ec045e0e9] Service: Fetching all chapters for Course: 69c79314ac0488fe6c376c05","service":"course-service","timestamp":"2026-03-28T17:03:34.802Z"}
{"level":"info","message":"[526447b8-671f-436e-8bc2-0a0dccf3c119] Service: Fetching detailed content for ID: 69c80024f8c24f9d7104b3a5","service":"course-service","timestamp":"2026-03-28T17:03:34.806Z"}
{"level":"info","message":"[CategoriesFetched] RID: 39693224-ab63-478f-968f-bb52fa75e524 - Count: 5","service":"course-service","timestamp":"2026-03-28T17:03:34.891Z"}
{"level":"info","message":"[2acbccdc-0bd6-4bc6-a0cd-51c197c6029b] Service: Fetching all chapters for Course: 69c79314ac0488fe6c376c05","service":"course-service","timestamp":"2026-03-28T17:06:20.249Z"}
{"level":"info","message":"[160b3031-60dc-45a7-8e3e-6c3505a50cb1] Service: Fetching detailed content for ID: 69c80024f8c24f9d7104b3a5","service":"course-service","timestamp":"2026-03-28T17:06:20.253Z"}
{"level":"info","message":"[CategoriesFetched] RID: 9db2e5f0-3b2f-4676-a4cb-81d6b9deb29d - Count: 5","service":"course-service","timestamp":"2026-03-28T17:06:20.344Z"}
{"level":"info","message":"[908587c9-292e-4106-8883-fb06b05b4108] Service: Fetching all chapters for Course: 69c79314ac0488fe6c376c05","service":"course-service","timestamp":"2026-03-28T17:06:20.363Z"}
{"level":"info","message":"[e7f508f4-2253-466f-b9e3-e59c27f67102] Service: Fetching detailed content for ID: 69c80024f8c24f9d7104b3a5","service":"course-service","timestamp":"2026-03-28T17:06:20.368Z"}
{"level":"info","message":"[CategoriesFetched] RID: a6e9de15-78fc-4dc4-8a3f-cea26ee5013c - Count: 5","service":"course-service","timestamp":"2026-03-28T17:06:20.448Z"}
{"level":"info","message":"[CategoriesFetched] RID: 3eed188a-0e25-4f7f-ba70-0a6235970e53 - Count: 5","service":"course-service","timestamp":"2026-03-28T17:07:13.899Z"}
{"level":"info","message":"[AllCoursesFetched] RID: 20799989-201d-493e-bb50-39eed60e8da4 - Count: 8","service":"course-service","timestamp":"2026-03-28T17:07:14.003Z"}
{"level":"info","message":"[CategoriesFetched] RID: 175a9a42-6de3-43de-b034-61f6e6147297 - Count: 5","service":"course-service","timestamp":"2026-03-28T17:07:14.005Z"}
{"level":"info","message":"[AllCoursesFetched] RID: fa534a0b-b75f-45d9-995c-4472298ad170 - Count: 8","service":"course-service","timestamp":"2026-03-28T17:07:14.174Z"}
{"level":"info","message":"[CategoriesFetched] RID: 04eb9804-bc59-45a6-aba4-a19bfe871d48 - Count: 5","service":"course-service","timestamp":"2026-03-28T17:07:24.856Z"}
{"level":"info","message":"[AllCoursesFetched] RID: 5fb057c2-c26e-4bfe-a2f6-405ca6624c37 - Count: 3","service":"course-service","timestamp":"2026-03-28T17:07:24.956Z"}
{"level":"info","message":"[CategoriesFetched] RID: cc290d4b-3420-4bc6-ae7c-f9e96a9e8f41 - Count: 5","service":"course-service","timestamp":"2026-03-28T17:07:24.958Z"}
{"level":"info","message":"[AllCoursesFetched] RID: 4f673317-28c3-4fc6-9ceb-243f483ab8a2 - Count: 3","service":"course-service","timestamp":"2026-03-28T17:07:25.161Z"}
{"level":"info","message":"[AllCoursesFetched] RID: 78ee64f7-d399-4244-b224-45b15a6f7cf1 - Count: 4","service":"course-service","timestamp":"2026-03-28T17:07:31.510Z"}
{"level":"info","message":"[46188655-04a6-4a98-94d3-f6d599c54de3] Controller: Fetching reviews for Course: 69c792caac0488fe6c376c01","service":"course-service","timestamp":"2026-03-28T17:07:34.856Z"}
{"level":"info","message":"[46188655-04a6-4a98-94d3-f6d599c54de3] Service: Fetching reviews for Course: 69c792caac0488fe6c376c01 | Page: 1 | Sort: newest","service":"course-service","timestamp":"2026-03-28T17:07:34.857Z"}
{"level":"info","message":"[c706b4c8-bfe6-4922-a7d7-4b946311f083] Controller: Fetching Course Intro for Course: 69c792caac0488fe6c376c01","service":"course-service","timestamp":"2026-03-28T17:07:34.858Z"}
{"level":"info","message":"[8c709fd7-b566-4e6d-ad6e-c73facd9a80e] Service: Fetching all chapters for Course: 69c792caac0488fe6c376c01","service":"course-service","timestamp":"2026-03-28T17:07:34.863Z"}
{"level":"info","message":"[644404d7-748e-4d42-9183-c1311f4b1953] Service: Fetching all chapters for Course: 69c792caac0488fe6c376c01","service":"course-service","timestamp":"2026-03-28T17:07:35.004Z"}
{"level":"info","message":"[5f469f6e-75da-45e8-a01b-f42e710e9dc8] Controller: Fetching Course Intro for Course: 69c792caac0488fe6c376c01","service":"course-service","timestamp":"2026-03-28T17:07:35.007Z"}
{"level":"info","message":"[b9349775-c268-436c-9ee6-1824a86896e7] Controller: Fetching reviews for Course: 69c792caac0488fe6c376c01","service":"course-service","timestamp":"2026-03-28T17:07:35.008Z"}
{"level":"info","message":"[b9349775-c268-436c-9ee6-1824a86896e7] Service: Fetching reviews for Course: 69c792caac0488fe6c376c01 | Page: 1 | Sort: newest","service":"course-service","timestamp":"2026-03-28T17:07:35.008Z"}
{"level":"info","message":"[c72126cf-aa4a-4ddd-a8c7-05177c114ba6] Service: Fetching contents for Chapter: 69c7e077dd690ea89c86bf4a","service":"course-service","timestamp":"2026-03-28T17:07:38.455Z"}
{"level":"info","message":"[a1fad5ec-0c21-451e-b0f1-b0d54695553a] Service: Fetching all chapters for Course: 69c792caac0488fe6c376c01","service":"course-service","timestamp":"2026-03-28T17:07:47.807Z"}
{"level":"info","message":"[78a67202-ef1f-48a3-8928-9070618fda40] Service: Fetching detailed content for ID: 69c800c9f8c24f9d7104b3aa","service":"course-service","timestamp":"2026-03-28T17:07:47.811Z"}
{"level":"info","message":"[5cc638e3-af20-4c43-9fdf-e2ebf9c9f0d2] Service: Fetching all chapters for Course: 69c792caac0488fe6c376c01","service":"course-service","timestamp":"2026-03-28T17:07:47.892Z"}
{"level":"info","message":"[c488a4c4-debb-465c-a92b-7e3824d536dd] Service: Fetching detailed content for ID: 69c800c9f8c24f9d7104b3aa","service":"course-service","timestamp":"2026-03-28T17:07:47.910Z"}
{"level":"info","message":"[0a6df72a-a676-44e9-a552-f246a876476d] Service: Fetching all chapters for Course: 69c792caac0488fe6c376c01","service":"course-service","timestamp":"2026-03-28T17:09:12.716Z"}
{"level":"info","message":"[f2b52620-5f16-4489-80f8-efd211193eef] Service: Fetching detailed content for ID: 69c800c9f8c24f9d7104b3aa","service":"course-service","timestamp":"2026-03-28T17:09:12.718Z"}
{"level":"info","message":"[CategoriesFetched] RID: 2ae2c7c2-6081-4a91-b06d-0e99b106b52e - Count: 5","service":"course-service","timestamp":"2026-03-28T17:09:12.784Z"}
{"level":"info","message":"[44ac69c1-a800-40cc-b444-b1832f3a273c] Service: Fetching all chapters for Course: 69c792caac0488fe6c376c01","service":"course-service","timestamp":"2026-03-28T17:09:12.803Z"}
{"level":"info","message":"[f96325b4-a953-4fe9-b00f-4d1f46957ece] Service: Fetching detailed content for ID: 69c800c9f8c24f9d7104b3aa","service":"course-service","timestamp":"2026-03-28T17:09:12.807Z"}
{"level":"info","message":"[CategoriesFetched] RID: 6a9db1b5-3e2e-4907-90f8-88705205f17f - Count: 5","service":"course-service","timestamp":"2026-03-28T17:09:12.889Z"}
{"level":"info","message":"[d23454c9-6deb-4a9b-b8c7-45460196366c] Controller: Fetching reviews for Course: 69c792caac0488fe6c376c01","service":"course-service","timestamp":"2026-03-28T17:09:27.055Z"}
{"level":"info","message":"[d23454c9-6deb-4a9b-b8c7-45460196366c] Service: Fetching reviews for Course: 69c792caac0488fe6c376c01 | Page: 1 | Sort: newest","service":"course-service","timestamp":"2026-03-28T17:09:27.055Z"}
{"level":"info","message":"[5160489b-0662-4f76-8ce6-0364b1daa9bd] Controller: Fetching Course Intro for Course: 69c792caac0488fe6c376c01","service":"course-service","timestamp":"2026-03-28T17:09:27.057Z"}
{"level":"info","message":"[37af974d-16b1-43ff-8dc2-eab1885ad641] Service: Fetching all chapters for Course: 69c792caac0488fe6c376c01","service":"course-service","timestamp":"2026-03-28T17:09:27.061Z"}
{"level":"info","message":"[a145d4a3-4dae-4ad3-88f3-122c6865e48a] Service: Fetching all chapters for Course: 69c792caac0488fe6c376c01","service":"course-service","timestamp":"2026-03-28T17:09:27.160Z"}
{"level":"info","message":"[7889b694-2575-4095-96f0-6468ca92dff9] Controller: Fetching reviews for Course: 69c792caac0488fe6c376c01","service":"course-service","timestamp":"2026-03-28T17:09:27.163Z"}
{"level":"info","message":"[7889b694-2575-4095-96f0-6468ca92dff9] Service: Fetching reviews for Course: 69c792caac0488fe6c376c01 | Page: 1 | Sort: newest","service":"course-service","timestamp":"2026-03-28T17:09:27.164Z"}
{"level":"info","message":"[5602acb3-d9a5-4550-b6af-0c9d0020d52f] Controller: Fetching Course Intro for Course: 69c792caac0488fe6c376c01","service":"course-service","timestamp":"2026-03-28T17:09:27.166Z"}
{"level":"info","message":"[5de97092-01f8-4548-a9e1-2bd3aaee3db9] Service: Fetching contents for Chapter: 69c7e077dd690ea89c86bf4a","service":"course-service","timestamp":"2026-03-28T17:09:29.878Z"}
{"level":"info","message":"[57e7ac7e-284f-4349-8b4b-efa25c6a6324] Service: Fetching all chapters for Course: 69c792caac0488fe6c376c01","service":"course-service","timestamp":"2026-03-28T17:09:41.641Z"}
{"level":"info","message":"[1d5f6c2d-73d8-424e-84cb-0f323d451e8c] Service: Fetching detailed content for ID: 69c800c9f8c24f9d7104b3aa","service":"course-service","timestamp":"2026-03-28T17:09:41.643Z"}
{"level":"info","message":"[cb6d9381-8ddf-4fa7-b24c-f9f9da6232e8] Service: Fetching detailed content for ID: 69c800c9f8c24f9d7104b3aa","service":"course-service","timestamp":"2026-03-28T17:09:41.772Z"}
{"level":"info","message":"[96cd0b2b-79b2-4481-a30a-b3baec73fbdf] Service: Fetching all chapters for Course: 69c792caac0488fe6c376c01","service":"course-service","timestamp":"2026-03-28T17:09:41.774Z"}
